recipe,repeat_id,source_selection_id,label,image_id,v02_input_path,v03_output_path,input_sha256,output_sha256,hash_match
messenger_upload_download,rep_01,rtv03_baseball_01,baseball,10183,data/real_transfer/v02/images/messenger_upload_download/rep_01/10183.jpg,data/real_transfer/v03/images/messenger_upload_download/rep_01/10183.jpg,e63b5326b2105a4a8dae8c3f33ff786e0d5c45f6e6f9c248aabb05d42cdf75f1,e63b5326b2105a4a8dae8c3f33ff786e0d5c45f6e6f9c248aabb05d42cdf75f1,true
messenger_upload_download,rep_02,rtv03_baseball_01,baseball,10183,data/real_transfer/v02/images/messenger_upload_download/rep_02/10183.jpg,data/real_transfer/v03/images/messenger_upload_download/rep_02/10183.jpg,4d16a34dd17647e573b16fa990f7314491a50c3a02aeeb0f75bde8cb5fd5c5e3,4d16a34dd17647e573b16fa990f7314491a50c3a02aeeb0f75bde8cb5fd5c5e3,true
phone_screenshot_resave,rep_01,rtv03_baseball_01,baseball,10183,data/real_transfer/v02/images/phone_screenshot_resave/rep_01/10183.jpg,data/real_transfer/v03/images/phone_screenshot_resave/rep_01/10183.jpg,eafc98f822556fed3d6abfc10dc061634bccb2c8b8571946e464536b696618d8,eafc98f822556fed3d6abfc10dc061634bccb2c8b8571946e464536b696618d8,true
phone_screenshot_resave,rep_02,rtv03_baseball_01,baseball,10183,data/real_transfer/v02/images/phone_screenshot_resave/rep_02/10183.jpg,data/real_transfer/v03/images/phone_screenshot_resave/rep_02/10183.jpg,eaca828a658eb6a7bee59d2b40ff9be5a38306efc885c31ecc57151d877a54d5,eaca828a658eb6a7bee59d2b40ff9be5a38306efc885c31ecc57151d877a54d5,true
video_call_frame_capture,rep_01,rtv03_baseball_01,baseball,10183,data/real_transfer/v02/images/video_call_frame_capture/rep_01/10183.jpg,data/real_transfer/v03/images/video_call_frame_capture/rep_01/10183.jpg,e61bd6399ef55accb040f0ded9247e81e72bcf3726c21dd464f2311c0a8a54ed,e61bd6399ef55accb040f0ded9247e81e72bcf3726c21dd464f2311c0a8a54ed,true
video_call_frame_capture,rep_02,rtv03_baseball_01,baseball,10183,data/real_transfer/v02/images/video_call_frame_capture/rep_02/10183.jpg,data/real_transfer/v03/images/video_call_frame_capture/rep_02/10183.jpg,e05704014682aaee4d81c7538552fbc9da82b3b3e34a902f0c3201c6332bc6b0,e05704014682aaee4d81c7538552fbc9da82b3b3e34a902f0c3201c6332bc6b0,true
messenger_upload_download,rep_01,rtv03_baseball_02,baseball,11059,data/real_transfer/v02/images/messenger_upload_download/rep_01/11059.jpg,data/real_transfer/v03/images/messenger_upload_download/rep_01/11059.jpg,02a8f777bf04a0c9ee310814f14f1bf15437d8fc555650bdf8d1c650dc898def,02a8f777bf04a0c9ee310814f14f1bf15437d8fc555650bdf8d1c650dc898def,true
messenger_upload_download,rep_02,rtv03_baseball_02,baseball,11059,data/real_transfer/v02/images/messenger_upload_download/rep_02/11059.jpg,data/real_transfer/v03/images/messenger_upload_download/rep_02/11059.jpg,cf65edceecdc18965f226afdce0675ee0d69595ff9a8daa575e32fad3dd46230,cf65edceecdc18965f226afdce0675ee0d69595ff9a8daa575e32fad3dd46230,true
phone_screenshot_resave,rep_01,rtv03_baseball_02,baseball,11059,data/real_transfer/v02/images/phone_screenshot_resave/rep_01/11059.jpg,data/real_transfer/v03/images/phone_screenshot_resave/rep_01/11059.jpg,49ed6a343e69d9f0e7263660aa8f75dda3e271ffc78c8860ad78b3b7f5802ad5,49ed6a343e69d9f0e7263660aa8f75dda3e271ffc78c8860ad78b3b7f5802ad5,true
phone_screenshot_resave,rep_02,rtv03_baseball_02,baseball,11059,data/real_transfer/v02/images/phone_screenshot_resave/rep_02/11059.jpg,data/real_transfer/v03/images/phone_screenshot_resave/rep_02/11059.jpg,2d6f83de25c9f2ecae979a9cc6e664d81f572879b95f55b628e34fffc44a1510,2d6f83de25c9f2ecae979a9cc6e664d81f572879b95f55b628e34fffc44a1510,true
video_call_frame_capture,rep_01,rtv03_baseball_02,baseball,11059,data/real_transfer/v02/images/video_call_frame_capture/rep_01/11059.jpg,data/real_transfer/v03/images/video_call_frame_capture/rep_01/11059.jpg,53a18b4e9f684f0e527a76f24ac57fbc57fe3a56c8239058c495dec756cb0427,53a18b4e9f684f0e527a76f24ac57fbc57fe3a56c8239058c495dec756cb0427,true
video_call_frame_capture,rep_02,rtv03_baseball_02,baseball,11059,data/real_transfer/v02/images/video_call_frame_capture/rep_02/11059.jpg,data/real_transfer/v03/images/video_call_frame_capture/rep_02/11059.jpg,0809ff0966e033079814bf1e8292326137a2556b38d7caf301c2d8255216ac81,0809ff0966e033079814bf1e8292326137a2556b38d7caf301c2d8255216ac81,true
messenger_upload_download,rep_01,rtv03_baseball_04,baseball,11677,data/real_transfer/v02/images/messenger_upload_download/rep_01/11677.jpg,data/real_transfer/v03/images/messenger_upload_download/rep_01/11677.jpg,26656f9d79b128c8419f5be6427ce776431b1ecf8d6b9ecc00b4ca3737e7b49e,26656f9d79b128c8419f5be6427ce776431b1ecf8d6b9ecc00b4ca3737e7b49e,true
messenger_upload_download,rep_02,rtv03_baseball_04,baseball,11677,data/real_transfer/v02/images/messenger_upload_download/rep_02/11677.jpg,data/real_transfer/v03/images/messenger_upload_download/rep_02/11677.jpg,72f9436747cc0ec036e1d4383fe5e1cdb2031954571292e12bcf7bcbcfc808c0,72f9436747cc0ec036e1d4383fe5e1cdb2031954571292e12bcf7bcbcfc808c0,true
phone_screenshot_resave,rep_01,rtv03_baseball_04,baseball,11677,data/real_transfer/v02/images/phone_screenshot_resave/rep_01/11677.jpg,data/real_transfer/v03/images/phone_screenshot_resave/rep_01/11677.jpg,19695909f7e207e2bf4afaca82d24ddd28a3f058f6b5c0d0dfa1f46f8478ee10,19695909f7e207e2bf4afaca82d24ddd28a3f058f6b5c0d0dfa1f46f8478ee10,true
phone_screenshot_resave,rep_02,rtv03_baseball_04,baseball,11677,data/real_transfer/v02/images/phone_screenshot_resave/rep_02/11677.jpg,data/real_transfer/v03/images/phone_screenshot_resave/rep_02/11677.jpg,91615063d9cb39e08c6691467b5c0c8e91cbfdae23056ed733f80c033b9523ca,91615063d9cb39e08c6691467b5c0c8e91cbfdae23056ed733f80c033b9523ca,true
video_call_frame_capture,rep_01,rtv03_baseball_04,baseball,11677,data/real_transfer/v02/images/video_call_frame_capture/rep_01/11677.jpg,data/real_transfer/v03/images/video_call_frame_capture/rep_01/11677.jpg,598c0a5ef6e5583ab0b221f8c726ed4cf98d69e60d04795a17356e177a978919,598c0a5ef6e5583ab0b221f8c726ed4cf98d69e60d04795a17356e177a978919,true
video_call_frame_capture,rep_02,rtv03_baseball_04,baseball,11677,data/real_transfer/v02/images/video_call_frame_capture/rep_02/11677.jpg,data/real_transfer/v03/images/video_call_frame_capture/rep_02/11677.jpg,838a6b0d7a2bb85171d2de8d853938d6bccd0e5b75cabe4ca1279f99c4f1655d,838a6b0d7a2bb85171d2de8d853938d6bccd0e5b75cabe4ca1279f99c4f1655d,true
messenger_upload_download,rep_01,rtv03_calcium_bottle_01,calcium_bottle,11247,data/real_transfer/v02/images/messenger_upload_download/rep_01/11247.jpg,data/real_transfer/v03/images/messenger_upload_download/rep_01/11247.jpg,39dc73a119f3e0e2b62789cfa481b8b3b8d3fd3528f8e8f0a97a9904e7092bef,39dc73a119f3e0e2b62789cfa481b8b3b8d3fd3528f8e8f0a97a9904e7092bef,true
messenger_upload_download,rep_02,rtv03_calcium_bottle_01,calcium_bottle,11247,data/real_transfer/v02/images/messenger_upload_download/rep_02/11247.jpg,data/real_transfer/v03/images/messenger_upload_download/rep_02/11247.jpg,3810174160e4260b7112a954cd22768fc4e7dc1a10148cb74d3fa8670d3bb8e7,3810174160e4260b7112a954cd22768fc4e7dc1a10148cb74d3fa8670d3bb8e7,true
phone_screenshot_resave,rep_01,rtv03_calcium_bottle_01,calcium_bottle,11247,data/real_transfer/v02/images/phone_screenshot_resave/rep_01/11247.jpg,data/real_transfer/v03/images/phone_screenshot_resave/rep_01/11247.jpg,0a4d4259b1e1330693c6278920091fb2d45df2d03e8d433ba242bda05d9a961e,0a4d4259b1e1330693c6278920091fb2d45df2d03e8d433ba242bda05d9a961e,true
phone_screenshot_resave,rep_02,rtv03_calcium_bottle_01,calcium_bottle,11247,data/real_transfer/v02/images/phone_screenshot_resave/rep_02/11247.jpg,data/real_transfer/v03/images/phone_screenshot_resave/rep_02/11247.jpg,23c0a954b2728df8ad462faa1e8fbb29473be676a64265acebea1f40240e105c,23c0a954b2728df8ad462faa1e8fbb29473be676a64265acebea1f40240e105c,true
video_call_frame_capture,rep_01,rtv03_calcium_bottle_01,calcium_bottle,11247,data/real_transfer/v02/images/video_call_frame_capture/rep_01/11247.jpg,data/real_transfer/v03/images/video_call_frame_capture/rep_01/11247.jpg,1975e077ecf386d1b75bc4e734472f0c4d12e515778e132395c025baf5f287a6,1975e077ecf386d1b75bc4e734472f0c4d12e515778e132395c025baf5f287a6,true
video_call_frame_capture,rep_02,rtv03_calcium_bottle_01,calcium_bottle,11247,data/real_transfer/v02/images/video_call_frame_capture/rep_02/11247.jpg,data/real_transfer/v03/images/video_call_frame_capture/rep_02/11247.jpg,b4d38dd138585692f9c12d13aba7969305fb29a457aa25f9fc793433749928dc,b4d38dd138585692f9c12d13aba7969305fb29a457aa25f9fc793433749928dc,true
messenger_upload_download,rep_01,rtv03_calcium_bottle_02,calcium_bottle,12815,data/real_transfer/v02/images/messenger_upload_download/rep_01/12815.jpg,data/real_transfer/v03/images/messenger_upload_download/rep_01/12815.jpg,ffd2c149988ffffda11aa05c95073e0eb16e56afa6e3cc0869cc74c05c979fb3,ffd2c149988ffffda11aa05c95073e0eb16e56afa6e3cc0869cc74c05c979fb3,true
messenger_upload_download,rep_02,rtv03_calcium_bottle_02,calcium_bottle,12815,data/real_transfer/v02/images/messenger_upload_download/rep_02/12815.jpg,data/real_transfer/v03/images/messenger_upload_download/rep_02/12815.jpg,8dbebf3249936efeb971d5c3f354a2a1c210851ddffbe510eaa9e434d609c439,8dbebf3249936efeb971d5c3f354a2a1c210851ddffbe510eaa9e434d609c439,true
phone_screenshot_resave,rep_01,rtv03_calcium_bottle_02,calcium_bottle,12815,data/real_transfer/v02/images/phone_screenshot_resave/rep_01/12815.jpg,data/real_transfer/v03/images/phone_screenshot_resave/rep_01/12815.jpg,11c3cefda491c31a8fa89c17bf62ff78e0f9e65b7d8132104bff7d2bb247b717,11c3cefda491c31a8fa89c17bf62ff78e0f9e65b7d8132104bff7d2bb247b717,true
phone_screenshot_resave,rep_02,rtv03_calcium_bottle_02,calcium_bottle,12815,data/real_transfer/v02/images/phone_screenshot_resave/rep_02/12815.jpg,data/real_transfer/v03/images/phone_screenshot_resave/rep_02/12815.jpg,0330c29c5557556cfda0fd6386f5b99598eb45eb7006e906cfa6be0c2a972c20,0330c29c5557556cfda0fd6386f5b99598eb45eb7006e906cfa6be0c2a972c20,true
video_call_frame_capture,rep_01,rtv03_calcium_bottle_02,calcium_bottle,12815,data/real_transfer/v02/images/video_call_frame_capture/rep_01/12815.jpg,data/real_transfer/v03/images/video_call_frame_capture/rep_01/12815.jpg,c3704f9dc66a6244671a027691a000f22b406336d11fede910de78ac7a70b84f,c3704f9dc66a6244671a027691a000f22b406336d11fede910de78ac7a70b84f,true
video_call_frame_capture,rep_02,rtv03_calcium_bottle_02,calcium_bottle,12815,data/real_transfer/v02/images/video_call_frame_capture/rep_02/12815.jpg,data/real_transfer/v03/images/video_call_frame_capture/rep_02/12815.jpg,f89c86bace0b9e392020cb7d3f63a798a69925a2e043263a96f365e69b52a883,f89c86bace0b9e392020cb7d3f63a798a69925a2e043263a96f365e69b52a883,true
messenger_upload_download,rep_01,rtv03_calcium_bottle_03,calcium_bottle,13506,data/real_transfer/v02/images/messenger_upload_download/rep_01/13506.jpg,data/real_transfer/v03/images/messenger_upload_download/rep_01/13506.jpg,0158e3d125c13afe6f5c8f34da7f328681336dc710bb8f9af2ea6f42c4d7eb39,0158e3d125c13afe6f5c8f34da7f328681336dc710bb8f9af2ea6f42c4d7eb39,true
messenger_upload_download,rep_02,rtv03_calcium_bottle_03,calcium_bottle,13506,data/real_transfer/v02/images/messenger_upload_download/rep_02/13506.jpg,data/real_transfer/v03/images/messenger_upload_download/rep_02/13506.jpg,b00a6586b1464ea2637465d26e721a41ba00ccdad4ed1023ba39cba72528b2a8,b00a6586b1464ea2637465d26e721a41ba00ccdad4ed1023ba39cba72528b2a8,true
phone_screenshot_resave,rep_01,rtv03_calcium_bottle_03,calcium_bottle,13506,data/real_transfer/v02/images/phone_screenshot_resave/rep_01/13506.jpg,data/real_transfer/v03/images/phone_screenshot_resave/rep_01/13506.jpg,0c34ccc462c50005e97b899e8238a51c4fb8041c3987f424b8f0d06a6dff76d8,0c34ccc462c50005e97b899e8238a51c4fb8041c3987f424b8f0d06a6dff76d8,true
phone_screenshot_resave,rep_02,rtv03_calcium_bottle_03,calcium_bottle,13506,data/real_transfer/v02/images/phone_screenshot_resave/rep_02/13506.jpg,data/real_transfer/v03/images/phone_screenshot_resave/rep_02/13506.jpg,3ef9081b5546eedb10e36281a74b1f7549f9eb999c5c3e823ce5e73d1c75d865,3ef9081b5546eedb10e36281a74b1f7549f9eb999c5c3e823ce5e73d1c75d865,true
video_call_frame_capture,rep_01,rtv03_calcium_bottle_03,calcium_bottle,13506,data/real_transfer/v02/images/video_call_frame_capture/rep_01/13506.jpg,data/real_transfer/v03/images/video_call_frame_capture/rep_01/13506.jpg,4d225d9e87def1850e054da7ba4d2db1255d415f2de91f51b90de8deada97ebf,4d225d9e87def1850e054da7ba4d2db1255d415f2de91f51b90de8deada97ebf,true
video_call_frame_capture,rep_02,rtv03_calcium_bottle_03,calcium_bottle,13506,data/real_transfer/v02/images/video_call_frame_capture/rep_02/13506.jpg,data/real_transfer/v03/images/video_call_frame_capture/rep_02/13506.jpg,7efb629219f73dae33c974642d70072e2f3d5cb3c636481fc89886b201d7194c,7efb629219f73dae33c974642d70072e2f3d5cb3c636481fc89886b201d7194c,true
messenger_upload_download,rep_01,rtv03_canon_camera_01,canon_camera,10243,data/real_transfer/v02/images/messenger_upload_download/rep_01/10243.jpg,data/real_transfer/v03/images/messenger_upload_download/rep_01/10243.jpg,16d2b3a98ea4b463bbb3ae8b82256a6c42190be785c1199015f6778f665fbf3e,16d2b3a98ea4b463bbb3ae8b82256a6c42190be785c1199015f6778f665fbf3e,true
messenger_upload_download,rep_02,rtv03_canon_camera_01,canon_camera,10243,data/real_transfer/v02/images/messenger_upload_download/rep_02/10243.jpg,data/real_transfer/v03/images/messenger_upload_download/rep_02/10243.jpg,ccdef58061c0f68854a803a7fd0eb9d51c1b1aa93358c9a0f721f64eec128467,ccdef58061c0f68854a803a7fd0eb9d51c1b1aa93358c9a0f721f64eec128467,true
phone_screenshot_resave,rep_01,rtv03_canon_camera_01,canon_camera,10243,data/real_transfer/v02/images/phone_screenshot_resave/rep_01/10243.jpg,data/real_transfer/v03/images/phone_screenshot_resave/rep_01/10243.jpg,5d015415c695a5d16415ec49769d0e9d520fb42b2d1bbb57da359de47e0c4dd7,5d015415c695a5d16415ec49769d0e9d520fb42b2d1bbb57da359de47e0c4dd7,true
phone_screenshot_resave,rep_02,rtv03_canon_camera_01,canon_camera,10243,data/real_transfer/v02/images/phone_screenshot_resave/rep_02/10243.jpg,data/real_transfer/v03/images/phone_screenshot_resave/rep_02/10243.jpg,eb34c5b8df34414056d4951be9de38fb204083e898886f54120d3c65d50a4cfa,eb34c5b8df34414056d4951be9de38fb204083e898886f54120d3c65d50a4cfa,true
video_call_frame_capture,rep_01,rtv03_canon_camera_01,canon_camera,10243,data/real_transfer/v02/images/video_call_frame_capture/rep_01/10243.jpg,data/real_transfer/v03/images/video_call_frame_capture/rep_01/10243.jpg,67adf36211aa335b1d747e15c7050593ddf2b50752be1f6917fca3c5d7f737bf,67adf36211aa335b1d747e15c7050593ddf2b50752be1f6917fca3c5d7f737bf,true
video_call_frame_capture,rep_02,rtv03_canon_camera_01,canon_camera,10243,data/real_transfer/v02/images/video_call_frame_capture/rep_02/10243.jpg,data/real_transfer/v03/images/video_call_frame_capture/rep_02/10243.jpg,4b51041d69c200a8e16ce760bb2880f6bc428146102d62b00539e82fcf2e535a,4b51041d69c200a8e16ce760bb2880f6bc428146102d62b00539e82fcf2e535a,true
messenger_upload_download,rep_01,rtv03_canon_camera_02,canon_camera,10530,data/real_transfer/v02/images/messenger_upload_download/rep_01/10530.jpg,data/real_transfer/v03/images/messenger_upload_download/rep_01/10530.jpg,8e49cac384b0b3256dfdccd9ba47e682142e91f633391a66ce10f32e1b112c0d,8e49cac384b0b3256dfdccd9ba47e682142e91f633391a66ce10f32e1b112c0d,true
messenger_upload_download,rep_02,rtv03_canon_camera_02,canon_camera,10530,data/real_transfer/v02/images/messenger_upload_download/rep_02/10530.jpg,data/real_transfer/v03/images/messenger_upload_download/rep_02/10530.jpg,feb40a9eb542f0cde7c547cfde7bad4967afa0aadb6adc1fb6e8a47beb027e1d,feb40a9eb542f0cde7c547cfde7bad4967afa0aadb6adc1fb6e8a47beb027e1d,true
phone_screenshot_resave,rep_01,rtv03_canon_camera_02,canon_camera,10530,data/real_transfer/v02/images/phone_screenshot_resave/rep_01/10530.jpg,data/real_transfer/v03/images/phone_screenshot_resave/rep_01/10530.jpg,2b6eb543dc132abb1bdd6a5b9a8f609a0c23038fdf2d34642915f182ef0ba182,2b6eb543dc132abb1bdd6a5b9a8f609a0c23038fdf2d34642915f182ef0ba182,true
phone_screenshot_resave,rep_02,rtv03_canon_camera_02,canon_camera,10530,data/real_transfer/v02/images/phone_screenshot_resave/rep_02/10530.jpg,data/real_transfer/v03/images/phone_screenshot_resave/rep_02/10530.jpg,7c9f486d130993b22d20e083eac4935623345c0197179a3f885ba524f2bdb36d,7c9f486d130993b22d20e083eac4935623345c0197179a3f885ba524f2bdb36d,true
video_call_frame_capture,rep_01,rtv03_canon_camera_02,canon_camera,10530,data/real_transfer/v02/images/video_call_frame_capture/rep_01/10530.jpg,data/real_transfer/v03/images/video_call_frame_capture/rep_01/10530.jpg,b6f6ab976e6a84f8d54482a598551249c71cd0bd63791228e8867e6c811dd869,b6f6ab976e6a84f8d54482a598551249c71cd0bd63791228e8867e6c811dd869,true
video_call_frame_capture,rep_02,rtv03_canon_camera_02,canon_camera,10530,data/real_transfer/v02/images/video_call_frame_capture/rep_02/10530.jpg,data/real_transfer/v03/images/video_call_frame_capture/rep_02/10530.jpg,372ed429a29f09549a532104b9975895986c887d5cff03637029d7fedf47b48a,372ed429a29f09549a532104b9975895986c887d5cff03637029d7fedf47b48a,true
messenger_upload_download,rep_01,rtv03_canon_camera_03,canon_camera,12528,data/real_transfer/v02/images/messenger_upload_download/rep_01/12528.jpg,data/real_transfer/v03/images/messenger_upload_download/rep_01/12528.jpg,71953497a674a265a69ca78facb0d2ed2badf88c0c7d07706b8babbd598d1b02,71953497a674a265a69ca78facb0d2ed2badf88c0c7d07706b8babbd598d1b02,true
messenger_upload_download,rep_02,rtv03_canon_camera_03,canon_camera,12528,data/real_transfer/v02/images/messenger_upload_download/rep_02/12528.jpg,data/real_transfer/v03/images/messenger_upload_download/rep_02/12528.jpg,c0119a697bfe7b77ded8c4bc8ffe8b10f70048ab9fa0bac82d457a425e51a3db,c0119a697bfe7b77ded8c4bc8ffe8b10f70048ab9fa0bac82d457a425e51a3db,true
phone_screenshot_resave,rep_01,rtv03_canon_camera_03,canon_camera,12528,data/real_transfer/v02/images/phone_screenshot_resave/rep_01/12528.jpg,data/real_transfer/v03/images/phone_screenshot_resave/rep_01/12528.jpg,7bce902a017b5d1e743ce80231b0d6ab1703454737efc802bb264e75f1474517,7bce902a017b5d1e743ce80231b0d6ab1703454737efc802bb264e75f1474517,true
phone_screenshot_resave,rep_02,rtv03_canon_camera_03,canon_camera,12528,data/real_transfer/v02/images/phone_screenshot_resave/rep_02/12528.jpg,data/real_transfer/v03/images/phone_screenshot_resave/rep_02/12528.jpg,6ac4e20d155870b91d4676f77dac725819f32b24dd68f4a927deab6fc3113355,6ac4e20d155870b91d4676f77dac725819f32b24dd68f4a927deab6fc3113355,true
video_call_frame_capture,rep_01,rtv03_canon_camera_03,canon_camera,12528,data/real_transfer/v02/images/video_call_frame_capture/rep_01/12528.jpg,data/real_transfer/v03/images/video_call_frame_capture/rep_01/12528.jpg,ccb89bd41a258ac541bb27a065dd8282a29022f16c2ddd113d5c6eff4a503bc3,ccb89bd41a258ac541bb27a065dd8282a29022f16c2ddd113d5c6eff4a503bc3,true
video_call_frame_capture,rep_02,rtv03_canon_camera_03,canon_camera,12528,data/real_transfer/v02/images/video_call_frame_capture/rep_02/12528.jpg,data/real_transfer/v03/images/video_call_frame_capture/rep_02/12528.jpg,08084da17904c8f7855a8f5908bcdf8b8b58ef3c40ddfd4ffa978d474c9af064,08084da17904c8f7855a8f5908bcdf8b8b58ef3c40ddfd4ffa978d474c9af064,true
messenger_upload_download,rep_01,rtv03_dymo_label_maker_01,dymo_label_maker,09958,data/real_transfer/v02/images/messenger_upload_download/rep_01/09958.jpg,data/real_transfer/v03/images/messenger_upload_download/rep_01/09958.jpg,28935843e2264e8668956569c4a2e8b858bb224bc25d67a44fa316fdd9700ae4,28935843e2264e8668956569c4a2e8b858bb224bc25d67a44fa316fdd9700ae4,true
messenger_upload_download,rep_02,rtv03_dymo_label_maker_01,dymo_label_maker,09958,data/real_transfer/v02/images/messenger_upload_download/rep_02/09958.jpg,data/real_transfer/v03/images/messenger_upload_download/rep_02/09958.jpg,067a10f98e0a3c7637e226679013ec81eb555607f0f5e878fdd1261f85656c22,067a10f98e0a3c7637e226679013ec81eb555607f0f5e878fdd1261f85656c22,true
phone_screenshot_resave,rep_01,rtv03_dymo_label_maker_01,dymo_label_maker,09958,data/real_transfer/v02/images/phone_screenshot_resave/rep_01/09958.jpg,data/real_transfer/v03/images/phone_screenshot_resave/rep_01/09958.jpg,041d0ea32f6868549d257df0a6bab24b81ccce268f0b79c68f19e41f689c470f,041d0ea32f6868549d257df0a6bab24b81ccce268f0b79c68f19e41f689c470f,true
phone_screenshot_resave,rep_02,rtv03_dymo_label_maker_01,dymo_label_maker,09958,data/real_transfer/v02/images/phone_screenshot_resave/rep_02/09958.jpg,data/real_transfer/v03/images/phone_screenshot_resave/rep_02/09958.jpg,168d5631a614ddeb37f5170d35a7ef95e08edea710aca19ded83f51bd2782584,168d5631a614ddeb37f5170d35a7ef95e08edea710aca19ded83f51bd2782584,true
video_call_frame_capture,rep_01,rtv03_dymo_label_maker_01,dymo_label_maker,09958,data/real_transfer/v02/images/video_call_frame_capture/rep_01/09958.jpg,data/real_transfer/v03/images/video_call_frame_capture/rep_01/09958.jpg,4f3029a93dece214282e76b73a32b420d7b43f522a905d7d3c1d613f59ae4194,4f3029a93dece214282e76b73a32b420d7b43f522a905d7d3c1d613f59ae4194,true
video_call_frame_capture,rep_02,rtv03_dymo_label_maker_01,dymo_label_maker,09958,data/real_transfer/v02/images/video_call_frame_capture/rep_02/09958.jpg,data/real_transfer/v03/images/video_call_frame_capture/rep_02/09958.jpg,014ef8ad77067cc37d4cd76fd331cdeabbcc7fe63318bae109d87d6260ebfbbc,014ef8ad77067cc37d4cd76fd331cdeabbcc7fe63318bae109d87d6260ebfbbc,true
messenger_upload_download,rep_01,rtv03_dymo_label_maker_02,dymo_label_maker,11887,data/real_transfer/v02/images/messenger_upload_download/rep_01/11887.jpg,data/real_transfer/v03/images/messenger_upload_download/rep_01/11887.jpg,fbe755d6e0a24b2d20dd157dd0d086c92bf3a9012d946cecf0a42ac662028a33,fbe755d6e0a24b2d20dd157dd0d086c92bf3a9012d946cecf0a42ac662028a33,true
messenger_upload_download,rep_02,rtv03_dymo_label_maker_02,dymo_label_maker,11887,data/real_transfer/v02/images/messenger_upload_download/rep_02/11887.jpg,data/real_transfer/v03/images/messenger_upload_download/rep_02/11887.jpg,e78786ca63e3b2fdbe81f5d772c12df9f88068fd247fbb363b4a14e8403a676d,e78786ca63e3b2fdbe81f5d772c12df9f88068fd247fbb363b4a14e8403a676d,true
phone_screenshot_resave,rep_01,rtv03_dymo_label_maker_02,dymo_label_maker,11887,data/real_transfer/v02/images/phone_screenshot_resave/rep_01/11887.jpg,data/real_transfer/v03/images/phone_screenshot_resave/rep_01/11887.jpg,295d7f8972ca56cd01bacb901e3e587a2cf5cb1a2b05f21172c5483355c23dbd,295d7f8972ca56cd01bacb901e3e587a2cf5cb1a2b05f21172c5483355c23dbd,true
phone_screenshot_resave,rep_02,rtv03_dymo_label_maker_02,dymo_label_maker,11887,data/real_transfer/v02/images/phone_screenshot_resave/rep_02/11887.jpg,data/real_transfer/v03/images/phone_screenshot_resave/rep_02/11887.jpg,dd4f76841d8bab6a91b3a56515b8236eb61fc34cd9c3a4e856e7f88725c81627,dd4f76841d8bab6a91b3a56515b8236eb61fc34cd9c3a4e856e7f88725c81627,true
video_call_frame_capture,rep_01,rtv03_dymo_label_maker_02,dymo_label_maker,11887,data/real_transfer/v02/images/video_call_frame_capture/rep_01/11887.jpg,data/real_transfer/v03/images/video_call_frame_capture/rep_01/11887.jpg,264750ae46032ca87ce2ea65afb9a813131269c1beeac18bb43da521f086dd14,264750ae46032ca87ce2ea65afb9a813131269c1beeac18bb43da521f086dd14,true
video_call_frame_capture,rep_02,rtv03_dymo_label_maker_02,dymo_label_maker,11887,data/real_transfer/v02/images/video_call_frame_capture/rep_02/11887.jpg,data/real_transfer/v03/images/video_call_frame_capture/rep_02/11887.jpg,a0bf07e790527b6ab400984fc5d87523fefe72b1055bd854c404a3bf762f51ca,a0bf07e790527b6ab400984fc5d87523fefe72b1055bd854c404a3bf762f51ca,true
messenger_upload_download,rep_01,rtv03_dymo_label_maker_03,dymo_label_maker,12043,data/real_transfer/v02/images/messenger_upload_download/rep_01/12043.jpg,data/real_transfer/v03/images/messenger_upload_download/rep_01/12043.jpg,c4e98a85c5266d0124f22a5e9b08cdbf8ca6d20fc357739f1f41599261f1f080,c4e98a85c5266d0124f22a5e9b08cdbf8ca6d20fc357739f1f41599261f1f080,true
messenger_upload_download,rep_02,rtv03_dymo_label_maker_03,dymo_label_maker,12043,data/real_transfer/v02/images/messenger_upload_download/rep_02/12043.jpg,data/real_transfer/v03/images/messenger_upload_download/rep_02/12043.jpg,d56a373fe93bac6cdc33d7b274ff77f71cd23491c68d0319e55e1549e5292528,d56a373fe93bac6cdc33d7b274ff77f71cd23491c68d0319e55e1549e5292528,true
phone_screenshot_resave,rep_01,rtv03_dymo_label_maker_03,dymo_label_maker,12043,data/real_transfer/v02/images/phone_screenshot_resave/rep_01/12043.jpg,data/real_transfer/v03/images/phone_screenshot_resave/rep_01/12043.jpg,90b77d4c7f3edc55d32375de2f4d25e498e5d08716913e6d6102190d780e0585,90b77d4c7f3edc55d32375de2f4d25e498e5d08716913e6d6102190d780e0585,true
phone_screenshot_resave,rep_02,rtv03_dymo_label_maker_03,dymo_label_maker,12043,data/real_transfer/v02/images/phone_screenshot_resave/rep_02/12043.jpg,data/real_transfer/v03/images/phone_screenshot_resave/rep_02/12043.jpg,c76fae476de2a2ea00805c9b3891f7455d7fe0b25f85f413e8c0f581a2209ff1,c76fae476de2a2ea00805c9b3891f7455d7fe0b25f85f413e8c0f581a2209ff1,true
video_call_frame_capture,rep_01,rtv03_dymo_label_maker_03,dymo_label_maker,12043,data/real_transfer/v02/images/video_call_frame_capture/rep_01/12043.jpg,data/real_transfer/v03/images/video_call_frame_capture/rep_01/12043.jpg,276effb4dea68f9b12e4569663976e3165f9f0fee2d4c3538b634f0f07980a4f,276effb4dea68f9b12e4569663976e3165f9f0fee2d4c3538b634f0f07980a4f,true
video_call_frame_capture,rep_02,rtv03_dymo_label_maker_03,dymo_label_maker,12043,data/real_transfer/v02/images/video_call_frame_capture/rep_02/12043.jpg,data/real_transfer/v03/images/video_call_frame_capture/rep_02/12043.jpg,4f578b2eeec2e9997ec4f1be048453a6246b90c5357ee242ba89a7d8b253e218,4f578b2eeec2e9997ec4f1be048453a6246b90c5357ee242ba89a7d8b253e218,true
messenger_upload_download,rep_01,rtv03_hair_brush_01,hair_brush,11335,data/real_transfer/v02/images/messenger_upload_download/rep_01/11335.jpg,data/real_transfer/v03/images/messenger_upload_download/rep_01/11335.jpg,49d23224d5a8edf666441501b8f70d5eef33c8f9644419a0f5ec2b1d5c4bec59,49d23224d5a8edf666441501b8f70d5eef33c8f9644419a0f5ec2b1d5c4bec59,true
messenger_upload_download,rep_02,rtv03_hair_brush_01,hair_brush,11335,data/real_transfer/v02/images/messenger_upload_download/rep_02/11335.jpg,data/real_transfer/v03/images/messenger_upload_download/rep_02/11335.jpg,12be2d0f71090e8b2892fb0652f0267ffa8ed66cdf68133e518ea4c9798db282,12be2d0f71090e8b2892fb0652f0267ffa8ed66cdf68133e518ea4c9798db282,true
phone_screenshot_resave,rep_01,rtv03_hair_brush_01,hair_brush,11335,data/real_transfer/v02/images/phone_screenshot_resave/rep_01/11335.jpg,data/real_transfer/v03/images/phone_screenshot_resave/rep_01/11335.jpg,a7aa0ba7d6022e59714dbcfefe81fbadc96959a3217f3896815c474a16564b30,a7aa0ba7d6022e59714dbcfefe81fbadc96959a3217f3896815c474a16564b30,true
phone_screenshot_resave,rep_02,rtv03_hair_brush_01,hair_brush,11335,data/real_transfer/v02/images/phone_screenshot_resave/rep_02/11335.jpg,data/real_transfer/v03/images/phone_screenshot_resave/rep_02/11335.jpg,4e0444b591151fe8ad8aa5b8dd2886e2e74036ad76827b5bef8b03ea8976b333,4e0444b591151fe8ad8aa5b8dd2886e2e74036ad76827b5bef8b03ea8976b333,true
video_call_frame_capture,rep_01,rtv03_hair_brush_01,hair_brush,11335,data/real_transfer/v02/images/video_call_frame_capture/rep_01/11335.jpg,data/real_transfer/v03/images/video_call_frame_capture/rep_01/11335.jpg,0453a71968300fb3cfaf9ed33c42c4d089655baa7591b7ee702e5690e8bd6156,0453a71968300fb3cfaf9ed33c42c4d089655baa7591b7ee702e5690e8bd6156,true
video_call_frame_capture,rep_02,rtv03_hair_brush_01,hair_brush,11335,data/real_transfer/v02/images/video_call_frame_capture/rep_02/11335.jpg,data/real_transfer/v03/images/video_call_frame_capture/rep_02/11335.jpg,8bfa611a790cb716ba4845936402694e122ef6cbeee458b0295f77efa23b92b3,8bfa611a790cb716ba4845936402694e122ef6cbeee458b0295f77efa23b92b3,true
messenger_upload_download,rep_01,rtv03_hair_brush_03,hair_brush,13315,data/real_transfer/v02/images/messenger_upload_download/rep_01/13315.jpg,data/real_transfer/v03/images/messenger_upload_download/rep_01/13315.jpg,454b3888a55dd8ccdbf89363d0d3887221d50a196674c8e90c21bc092b5b6a5f,454b3888a55dd8ccdbf89363d0d3887221d50a196674c8e90c21bc092b5b6a5f,true
messenger_upload_download,rep_02,rtv03_hair_brush_03,hair_brush,13315,data/real_transfer/v02/images/messenger_upload_download/rep_02/13315.jpg,data/real_transfer/v03/images/messenger_upload_download/rep_02/13315.jpg,cd36f0848751fcfd4a14d52c700f7ad7e6e0390eb08e035c249dc3cd6a9f7991,cd36f0848751fcfd4a14d52c700f7ad7e6e0390eb08e035c249dc3cd6a9f7991,true
phone_screenshot_resave,rep_01,rtv03_hair_brush_03,hair_brush,13315,data/real_transfer/v02/images/phone_screenshot_resave/rep_01/13315.jpg,data/real_transfer/v03/images/phone_screenshot_resave/rep_01/13315.jpg,d1e9658614130610d50a8f1378a7f600288dfba4b1dc539e218484079a58020c,d1e9658614130610d50a8f1378a7f600288dfba4b1dc539e218484079a58020c,true
phone_screenshot_resave,rep_02,rtv03_hair_brush_03,hair_brush,13315,data/real_transfer/v02/images/phone_screenshot_resave/rep_02/13315.jpg,data/real_transfer/v03/images/phone_screenshot_resave/rep_02/13315.jpg,bcedb1251a0010dd62c9ca26535641b30c6ba01249614cf163d07c4570dbe9f9,bcedb1251a0010dd62c9ca26535641b30c6ba01249614cf163d07c4570dbe9f9,true
video_call_frame_capture,rep_01,rtv03_hair_brush_03,hair_brush,13315,data/real_transfer/v02/images/video_call_frame_capture/rep_01/13315.jpg,data/real_transfer/v03/images/video_call_frame_capture/rep_01/13315.jpg,265258f7486aa47969d56f45f17be964897c969b5371f4e878c16303c9d8084a,265258f7486aa47969d56f45f17be964897c969b5371f4e878c16303c9d8084a,true
video_call_frame_capture,rep_02,rtv03_hair_brush_03,hair_brush,13315,data/real_transfer/v02/images/video_call_frame_capture/rep_02/13315.jpg,data/real_transfer/v03/images/video_call_frame_capture/rep_02/13315.jpg,cf729121dd819d8052e5ee9c0bca0d2f4e65000cbd245081152d249ff8511533,cf729121dd819d8052e5ee9c0bca0d2f4e65000cbd245081152d249ff8511533,true
messenger_upload_download,rep_01,rtv03_hair_brush_04,hair_brush,13712,data/real_transfer/v02/images/messenger_upload_download/rep_01/13712.jpg,data/real_transfer/v03/images/messenger_upload_download/rep_01/13712.jpg,2d6a095a009a1f577f5877fe5a389e875175e56c4c81f98cb33a8f30111d8a5e,2d6a095a009a1f577f5877fe5a389e875175e56c4c81f98cb33a8f30111d8a5e,true
messenger_upload_download,rep_02,rtv03_hair_brush_04,hair_brush,13712,data/real_transfer/v02/images/messenger_upload_download/rep_02/13712.jpg,data/real_transfer/v03/images/messenger_upload_download/rep_02/13712.jpg,e1615224cbebac4a094edbddf56580c0e87db0989185ebac3e118f05ce38f57d,e1615224cbebac4a094edbddf56580c0e87db0989185ebac3e118f05ce38f57d,true
phone_screenshot_resave,rep_01,rtv03_hair_brush_04,hair_brush,13712,data/real_transfer/v02/images/phone_screenshot_resave/rep_01/13712.jpg,data/real_transfer/v03/images/phone_screenshot_resave/rep_01/13712.jpg,1c463d035cd5e586559f3bf9ebb93612c96781be6486bb5976ba589c45bbdea3,1c463d035cd5e586559f3bf9ebb93612c96781be6486bb5976ba589c45bbdea3,true
phone_screenshot_resave,rep_02,rtv03_hair_brush_04,hair_brush,13712,data/real_transfer/v02/images/phone_screenshot_resave/rep_02/13712.jpg,data/real_transfer/v03/images/phone_screenshot_resave/rep_02/13712.jpg,6fda502b17cb3029551795bb6d2c91bebdb5df40caa7b1f6a7376be05b4200ee,6fda502b17cb3029551795bb6d2c91bebdb5df40caa7b1f6a7376be05b4200ee,true
video_call_frame_capture,rep_01,rtv03_hair_brush_04,hair_brush,13712,data/real_transfer/v02/images/video_call_frame_capture/rep_01/13712.jpg,data/real_transfer/v03/images/video_call_frame_capture/rep_01/13712.jpg,6c325d4411c9c4eb39c49b0fe543f155377b0babdb93b79a36322a2d2e6b7fe4,6c325d4411c9c4eb39c49b0fe543f155377b0babdb93b79a36322a2d2e6b7fe4,true
video_call_frame_capture,rep_02,rtv03_hair_brush_04,hair_brush,13712,data/real_transfer/v02/images/video_call_frame_capture/rep_02/13712.jpg,data/real_transfer/v03/images/video_call_frame_capture/rep_02/13712.jpg,e98ad38caa977e47ced18419507023c9038db4e0b2b2f0fe993e9702e2836750,e98ad38caa977e47ced18419507023c9038db4e0b2b2f0fe993e9702e2836750,true
messenger_upload_download,rep_01,rtv03_lg_cell_phone_01,lg_cell_phone,09904,data/real_transfer/v02/images/messenger_upload_download/rep_01/09904.jpg,data/real_transfer/v03/images/messenger_upload_download/rep_01/09904.jpg,311fc1c843a79b1d90142d60ccabaaf9ccd63019bd3af2c53dfc071bece7da8a,311fc1c843a79b1d90142d60ccabaaf9ccd63019bd3af2c53dfc071bece7da8a,true
messenger_upload_download,rep_02,rtv03_lg_cell_phone_01,lg_cell_phone,09904,data/real_transfer/v02/images/messenger_upload_download/rep_02/09904.jpg,data/real_transfer/v03/images/messenger_upload_download/rep_02/09904.jpg,61eb967c1e04c45d9885a43a1776bc20447e5a11362e071ff064db0dd79388a3,61eb967c1e04c45d9885a43a1776bc20447e5a11362e071ff064db0dd79388a3,true
phone_screenshot_resave,rep_01,rtv03_lg_cell_phone_01,lg_cell_phone,09904,data/real_transfer/v02/images/phone_screenshot_resave/rep_01/09904.jpg,data/real_transfer/v03/images/phone_screenshot_resave/rep_01/09904.jpg,5c0646bec420963ed6e9eb9aeb9742790ce9024467c882f883b059c50629cbf3,5c0646bec420963ed6e9eb9aeb9742790ce9024467c882f883b059c50629cbf3,true
phone_screenshot_resave,rep_02,rtv03_lg_cell_phone_01,lg_cell_phone,09904,data/real_transfer/v02/images/phone_screenshot_resave/rep_02/09904.jpg,data/real_transfer/v03/images/phone_screenshot_resave/rep_02/09904.jpg,736f5c5bc54d1d09e7eef8883dee833bf4fe1a56c7965f586de1e73382c13661,736f5c5bc54d1d09e7eef8883dee833bf4fe1a56c7965f586de1e73382c13661,true
video_call_frame_capture,rep_01,rtv03_lg_cell_phone_01,lg_cell_phone,09904,data/real_transfer/v02/images/video_call_frame_capture/rep_01/09904.jpg,data/real_transfer/v03/images/video_call_frame_capture/rep_01/09904.jpg,9ca46c7bd7c51260e63cd9e47556c074b013e50f39e0c2ca161b28416426c1da,9ca46c7bd7c51260e63cd9e47556c074b013e50f39e0c2ca161b28416426c1da,true
video_call_frame_capture,rep_02,rtv03_lg_cell_phone_01,lg_cell_phone,09904,data/real_transfer/v02/images/video_call_frame_capture/rep_02/09904.jpg,data/real_transfer/v03/images/video_call_frame_capture/rep_02/09904.jpg,5ba6f6ae2a06cddd93aac19d89534c73588d812341ea313624ab82752b055bde,5ba6f6ae2a06cddd93aac19d89534c73588d812341ea313624ab82752b055bde,true
messenger_upload_download,rep_01,rtv03_lg_cell_phone_02,lg_cell_phone,11101,data/real_transfer/v02/images/messenger_upload_download/rep_01/11101.jpg,data/real_transfer/v03/images/messenger_upload_download/rep_01/11101.jpg,158342b299b9b71e6685396eba3060c6427e077f76f4c1a85f4478d8728847b6,158342b299b9b71e6685396eba3060c6427e077f76f4c1a85f4478d8728847b6,true
messenger_upload_download,rep_02,rtv03_lg_cell_phone_02,lg_cell_phone,11101,data/real_transfer/v02/images/messenger_upload_download/rep_02/11101.jpg,data/real_transfer/v03/images/messenger_upload_download/rep_02/11101.jpg,18f0d8e405f1e1f6772a128d896c48ebc110d7ca1f0b34aafcd9fd80d2ffa218,18f0d8e405f1e1f6772a128d896c48ebc110d7ca1f0b34aafcd9fd80d2ffa218,true
phone_screenshot_resave,rep_01,rtv03_lg_cell_phone_02,lg_cell_phone,11101,data/real_transfer/v02/images/phone_screenshot_resave/rep_01/11101.jpg,data/real_transfer/v03/images/phone_screenshot_resave/rep_01/11101.jpg,41d873dfe8273f56d4c2d589ac0efe2bf90036f0b6eedaeebc8717e0dbb2e9e5,41d873dfe8273f56d4c2d589ac0efe2bf90036f0b6eedaeebc8717e0dbb2e9e5,true
phone_screenshot_resave,rep_02,rtv03_lg_cell_phone_02,lg_cell_phone,11101,data/real_transfer/v02/images/phone_screenshot_resave/rep_02/11101.jpg,data/real_transfer/v03/images/phone_screenshot_resave/rep_02/11101.jpg,8ccf849123259b3e6d54bcb380f4c2f6c628d11b7b6ee024927bac8606c303c5,8ccf849123259b3e6d54bcb380f4c2f6c628d11b7b6ee024927bac8606c303c5,true
video_call_frame_capture,rep_01,rtv03_lg_cell_phone_02,lg_cell_phone,11101,data/real_transfer/v02/images/video_call_frame_capture/rep_01/11101.jpg,data/real_transfer/v03/images/video_call_frame_capture/rep_01/11101.jpg,6e671f38048b9dd6fc41e6802c60272a44db9e5ff298bf9cbc6863fe9c582bb4,6e671f38048b9dd6fc41e6802c60272a44db9e5ff298bf9cbc6863fe9c582bb4,true
video_call_frame_capture,rep_02,rtv03_lg_cell_phone_02,lg_cell_phone,11101,data/real_transfer/v02/images/video_call_frame_capture/rep_02/11101.jpg,data/real_transfer/v03/images/video_call_frame_capture/rep_02/11101.jpg,f8d2436ef75960cbf41744cb58a1b724060da7cc644c61eb0c1ccefbaeb8677d,f8d2436ef75960cbf41744cb58a1b724060da7cc644c61eb0c1ccefbaeb8677d,true
messenger_upload_download,rep_01,rtv03_lg_cell_phone_04,lg_cell_phone,11758,data/real_transfer/v02/images/messenger_upload_download/rep_01/11758.jpg,data/real_transfer/v03/images/messenger_upload_download/rep_01/11758.jpg,5a60e80cf2c6ef90526c61d2291de3a1c51fae940e26485c14003eb5cd632a7a,5a60e80cf2c6ef90526c61d2291de3a1c51fae940e26485c14003eb5cd632a7a,true
messenger_upload_download,rep_02,rtv03_lg_cell_phone_04,lg_cell_phone,11758,data/real_transfer/v02/images/messenger_upload_download/rep_02/11758.jpg,data/real_transfer/v03/images/messenger_upload_download/rep_02/11758.jpg,a818df41097c5473eaf7ab1322a4f4c966c1640d8ed875813eb0fc29d43b160a,a818df41097c5473eaf7ab1322a4f4c966c1640d8ed875813eb0fc29d43b160a,true
phone_screenshot_resave,rep_01,rtv03_lg_cell_phone_04,lg_cell_phone,11758,data/real_transfer/v02/images/phone_screenshot_resave/rep_01/11758.jpg,data/real_transfer/v03/images/phone_screenshot_resave/rep_01/11758.jpg,55bdf0b0382cd913a3837ac3f3ef7403ccad0c17ca7d04e9b393c760ce43e091,55bdf0b0382cd913a3837ac3f3ef7403ccad0c17ca7d04e9b393c760ce43e091,true
phone_screenshot_resave,rep_02,rtv03_lg_cell_phone_04,lg_cell_phone,11758,data/real_transfer/v02/images/phone_screenshot_resave/rep_02/11758.jpg,data/real_transfer/v03/images/phone_screenshot_resave/rep_02/11758.jpg,667c573b83f91dd352c03ee7f96a684658aa149097a28574f071d024acc1e587,667c573b83f91dd352c03ee7f96a684658aa149097a28574f071d024acc1e587,true
video_call_frame_capture,rep_01,rtv03_lg_cell_phone_04,lg_cell_phone,11758,data/real_transfer/v02/images/video_call_frame_capture/rep_01/11758.jpg,data/real_transfer/v03/images/video_call_frame_capture/rep_01/11758.jpg,5f411c23958d3fe51c7d4ece42b7f13c1184851ab83a9a08c3672f0b6479e21b,5f411c23958d3fe51c7d4ece42b7f13c1184851ab83a9a08c3672f0b6479e21b,true
video_call_frame_capture,rep_02,rtv03_lg_cell_phone_04,lg_cell_phone,11758,data/real_transfer/v02/images/video_call_frame_capture/rep_02/11758.jpg,data/real_transfer/v03/images/video_call_frame_capture/rep_02/11758.jpg,3d4f7d3aba7535196fa171712301af4ba127516c6aa456d31c4beb8920720644,3d4f7d3aba7535196fa171712301af4ba127516c6aa456d31c4beb8920720644,true
messenger_upload_download,rep_01,rtv03_pan_01,pan,10714,data/real_transfer/v02/images/messenger_upload_download/rep_01/10714.jpg,data/real_transfer/v03/images/messenger_upload_download/rep_01/10714.jpg,51e56a76bc970e398c67eca4babb5827fc6617c9afb56197ff40f1e2b8abeca1,51e56a76bc970e398c67eca4babb5827fc6617c9afb56197ff40f1e2b8abeca1,true
messenger_upload_download,rep_02,rtv03_pan_01,pan,10714,data/real_transfer/v02/images/messenger_upload_download/rep_02/10714.jpg,data/real_transfer/v03/images/messenger_upload_download/rep_02/10714.jpg,f772a2140e1a8c14bcdabe8aabc846df2566bdef4e986709837b51115652c85a,f772a2140e1a8c14bcdabe8aabc846df2566bdef4e986709837b51115652c85a,true
phone_screenshot_resave,rep_01,rtv03_pan_01,pan,10714,data/real_transfer/v02/images/phone_screenshot_resave/rep_01/10714.jpg,data/real_transfer/v03/images/phone_screenshot_resave/rep_01/10714.jpg,74546c0910a78c4cca7ca8ff7cfa75db8a87a931847feadea08951e845176810,74546c0910a78c4cca7ca8ff7cfa75db8a87a931847feadea08951e845176810,true
phone_screenshot_resave,rep_02,rtv03_pan_01,pan,10714,data/real_transfer/v02/images/phone_screenshot_resave/rep_02/10714.jpg,data/real_transfer/v03/images/phone_screenshot_resave/rep_02/10714.jpg,dd044c43c0c05b9bf25632d49fff67309350eab8bc8e3261532244a9a8c96feb,dd044c43c0c05b9bf25632d49fff67309350eab8bc8e3261532244a9a8c96feb,true
video_call_frame_capture,rep_01,rtv03_pan_01,pan,10714,data/real_transfer/v02/images/video_call_frame_capture/rep_01/10714.jpg,data/real_transfer/v03/images/video_call_frame_capture/rep_01/10714.jpg,a152e64b892c9b6c293c736a2cbdcf3740c5efeb90cf42f1b233e23b55fa1715,a152e64b892c9b6c293c736a2cbdcf3740c5efeb90cf42f1b233e23b55fa1715,true
video_call_frame_capture,rep_02,rtv03_pan_01,pan,10714,data/real_transfer/v02/images/video_call_frame_capture/rep_02/10714.jpg,data/real_transfer/v03/images/video_call_frame_capture/rep_02/10714.jpg,3197833f59afdc8f64f20a48d3d2cd7dd84d65f218afd28fac99193c24690978,3197833f59afdc8f64f20a48d3d2cd7dd84d65f218afd28fac99193c24690978,true
messenger_upload_download,rep_01,rtv03_pan_02,pan,11285,data/real_transfer/v02/images/messenger_upload_download/rep_01/11285.jpg,data/real_transfer/v03/images/messenger_upload_download/rep_01/11285.jpg,5e7c130f8f3358b0f7834934916ddf841b451cbde4549ded8030579e5490e4a9,5e7c130f8f3358b0f7834934916ddf841b451cbde4549ded8030579e5490e4a9,true
messenger_upload_download,rep_02,rtv03_pan_02,pan,11285,data/real_transfer/v02/images/messenger_upload_download/rep_02/11285.jpg,data/real_transfer/v03/images/messenger_upload_download/rep_02/11285.jpg,f6385ae78b57aaef298fb921b11fb03c7ea9252c8f255db1b745b31fb5b14236,f6385ae78b57aaef298fb921b11fb03c7ea9252c8f255db1b745b31fb5b14236,true
phone_screenshot_resave,rep_01,rtv03_pan_02,pan,11285,data/real_transfer/v02/images/phone_screenshot_resave/rep_01/11285.jpg,data/real_transfer/v03/images/phone_screenshot_resave/rep_01/11285.jpg,5c3a22c8cb502c1774b4cf8c2ce2aca22bcceddba81f3a75466b281f860ce447,5c3a22c8cb502c1774b4cf8c2ce2aca22bcceddba81f3a75466b281f860ce447,true
phone_screenshot_resave,rep_02,rtv03_pan_02,pan,11285,data/real_transfer/v02/images/phone_screenshot_resave/rep_02/11285.jpg,data/real_transfer/v03/images/phone_screenshot_resave/rep_02/11285.jpg,01368ce2717367f06f471bbb69e535e1f7a8d6d029d593bc04732b86d6637521,01368ce2717367f06f471bbb69e535e1f7a8d6d029d593bc04732b86d6637521,true
video_call_frame_capture,rep_01,rtv03_pan_02,pan,11285,data/real_transfer/v02/images/video_call_frame_capture/rep_01/11285.jpg,data/real_transfer/v03/images/video_call_frame_capture/rep_01/11285.jpg,938bcb8a6f64802a8619741f009b7adadbfc069528e50cedba50800e4a70cc42,938bcb8a6f64802a8619741f009b7adadbfc069528e50cedba50800e4a70cc42,true
video_call_frame_capture,rep_02,rtv03_pan_02,pan,11285,data/real_transfer/v02/images/video_call_frame_capture/rep_02/11285.jpg,data/real_transfer/v03/images/video_call_frame_capture/rep_02/11285.jpg,33ca3383257ab7c78c6b30e12053366dcbe64b8849a03f47a489fadfac522d89,33ca3383257ab7c78c6b30e12053366dcbe64b8849a03f47a489fadfac522d89,true
messenger_upload_download,rep_01,rtv03_pan_03,pan,11460,data/real_transfer/v02/images/messenger_upload_download/rep_01/11460.jpg,data/real_transfer/v03/images/messenger_upload_download/rep_01/11460.jpg,04b8c34668fb64e627a3470f4d85292a556739cfc8d757a1ff03e371a050db59,04b8c34668fb64e627a3470f4d85292a556739cfc8d757a1ff03e371a050db59,true
messenger_upload_download,rep_02,rtv03_pan_03,pan,11460,data/real_transfer/v02/images/messenger_upload_download/rep_02/11460.jpg,data/real_transfer/v03/images/messenger_upload_download/rep_02/11460.jpg,28fa0d471bf2f38d32e7c2c002359d7ce31c9aef514b9514ceb77021b2372ef8,28fa0d471bf2f38d32e7c2c002359d7ce31c9aef514b9514ceb77021b2372ef8,true
phone_screenshot_resave,rep_01,rtv03_pan_03,pan,11460,data/real_transfer/v02/images/phone_screenshot_resave/rep_01/11460.jpg,data/real_transfer/v03/images/phone_screenshot_resave/rep_01/11460.jpg,920988a0be73db0fc33bd08a85cfdbaeba45a6df55bfab7de628780d44794c52,920988a0be73db0fc33bd08a85cfdbaeba45a6df55bfab7de628780d44794c52,true
phone_screenshot_resave,rep_02,rtv03_pan_03,pan,11460,data/real_transfer/v02/images/phone_screenshot_resave/rep_02/11460.jpg,data/real_transfer/v03/images/phone_screenshot_resave/rep_02/11460.jpg,1c2a04ae522cbc56f3a3ffcbd7506c603322c4ffa6a7f89513524fc1dfac1a39,1c2a04ae522cbc56f3a3ffcbd7506c603322c4ffa6a7f89513524fc1dfac1a39,true
video_call_frame_capture,rep_01,rtv03_pan_03,pan,11460,data/real_transfer/v02/images/video_call_frame_capture/rep_01/11460.jpg,data/real_transfer/v03/images/video_call_frame_capture/rep_01/11460.jpg,9c64cb0ea6e43b27e04e63ed452729c331277983c6a14237bf9918d3cc7952e5,9c64cb0ea6e43b27e04e63ed452729c331277983c6a14237bf9918d3cc7952e5,true
video_call_frame_capture,rep_02,rtv03_pan_03,pan,11460,data/real_transfer/v02/images/video_call_frame_capture/rep_02/11460.jpg,data/real_transfer/v03/images/video_call_frame_capture/rep_02/11460.jpg,e38116bec203b4edd294daffe9837691604a0a16dd4fd31ddf9dffb2ca7145a1,e38116bec203b4edd294daffe9837691604a0a16dd4fd31ddf9dffb2ca7145a1,true
messenger_upload_download,rep_01,rtv03_shoes_01,shoes,10640,data/real_transfer/v02/images/messenger_upload_download/rep_01/10640.jpg,data/real_transfer/v03/images/messenger_upload_download/rep_01/10640.jpg,56e880f4493c9683a6c0c196f4883f7cf1e0a1b30faf4586a65edfd66fa0427c,56e880f4493c9683a6c0c196f4883f7cf1e0a1b30faf4586a65edfd66fa0427c,true
messenger_upload_download,rep_02,rtv03_shoes_01,shoes,10640,data/real_transfer/v02/images/messenger_upload_download/rep_02/10640.jpg,data/real_transfer/v03/images/messenger_upload_download/rep_02/10640.jpg,860f87fcadea891ba17b4056b1ca58060bf2deb7fe7b29e20abc26130198999c,860f87fcadea891ba17b4056b1ca58060bf2deb7fe7b29e20abc26130198999c,true
phone_screenshot_resave,rep_01,rtv03_shoes_01,shoes,10640,data/real_transfer/v02/images/phone_screenshot_resave/rep_01/10640.jpg,data/real_transfer/v03/images/phone_screenshot_resave/rep_01/10640.jpg,b875a6bcc9bf63b90a5f597e80d0d26dd09a3c09680dd84007e6e3e6aca3f4af,b875a6bcc9bf63b90a5f597e80d0d26dd09a3c09680dd84007e6e3e6aca3f4af,true
phone_screenshot_resave,rep_02,rtv03_shoes_01,shoes,10640,data/real_transfer/v02/images/phone_screenshot_resave/rep_02/10640.jpg,data/real_transfer/v03/images/phone_screenshot_resave/rep_02/10640.jpg,a4efde212d548e52ab8f9ccb12c9e817398dfca5bdca0eb002ca0fe229e3cce0,a4efde212d548e52ab8f9ccb12c9e817398dfca5bdca0eb002ca0fe229e3cce0,true
video_call_frame_capture,rep_01,rtv03_shoes_01,shoes,10640,data/real_transfer/v02/images/video_call_frame_capture/rep_01/10640.jpg,data/real_transfer/v03/images/video_call_frame_capture/rep_01/10640.jpg,8228360bd5f2381a210b9bfb84057c96e7b61a99a555adafe784c4a4f8581be0,8228360bd5f2381a210b9bfb84057c96e7b61a99a555adafe784c4a4f8581be0,true
video_call_frame_capture,rep_02,rtv03_shoes_01,shoes,10640,data/real_transfer/v02/images/video_call_frame_capture/rep_02/10640.jpg,data/real_transfer/v03/images/video_call_frame_capture/rep_02/10640.jpg,34bf6d945a7531b799f527408b9e34ef7fd7f588a646d78c0a769d4232d1757a,34bf6d945a7531b799f527408b9e34ef7fd7f588a646d78c0a769d4232d1757a,true
messenger_upload_download,rep_01,rtv03_shoes_03,shoes,11446,data/real_transfer/v02/images/messenger_upload_download/rep_01/11446.jpg,data/real_transfer/v03/images/messenger_upload_download/rep_01/11446.jpg,720b73fa23a9d0623d0bddf8ed16fb953b0dea690ff5d04fd355aff74f67a93a,720b73fa23a9d0623d0bddf8ed16fb953b0dea690ff5d04fd355aff74f67a93a,true
messenger_upload_download,rep_02,rtv03_shoes_03,shoes,11446,data/real_transfer/v02/images/messenger_upload_download/rep_02/11446.jpg,data/real_transfer/v03/images/messenger_upload_download/rep_02/11446.jpg,ddc9f1e8dddc3060cd1821c67932ebe7c650a6614fcf3b54a95e8fea7ce0f5f6,ddc9f1e8dddc3060cd1821c67932ebe7c650a6614fcf3b54a95e8fea7ce0f5f6,true
phone_screenshot_resave,rep_01,rtv03_shoes_03,shoes,11446,data/real_transfer/v02/images/phone_screenshot_resave/rep_01/11446.jpg,data/real_transfer/v03/images/phone_screenshot_resave/rep_01/11446.jpg,5e7803bbd6939077aaabad63624e37f7103b02eaf66c2a274067181df5bca189,5e7803bbd6939077aaabad63624e37f7103b02eaf66c2a274067181df5bca189,true
phone_screenshot_resave,rep_02,rtv03_shoes_03,shoes,11446,data/real_transfer/v02/images/phone_screenshot_resave/rep_02/11446.jpg,data/real_transfer/v03/images/phone_screenshot_resave/rep_02/11446.jpg,6e4cc4bccdfe49b42b16f6dc05d65703099efe77631b1f8341f3f8feb03fdf10,6e4cc4bccdfe49b42b16f6dc05d65703099efe77631b1f8341f3f8feb03fdf10,true
video_call_frame_capture,rep_01,rtv03_shoes_03,shoes,11446,data/real_transfer/v02/images/video_call_frame_capture/rep_01/11446.jpg,data/real_transfer/v03/images/video_call_frame_capture/rep_01/11446.jpg,dba20cc56d743b8cde232108169a8e7b05cb1e6b7f082c75e15159c8bbfec502,dba20cc56d743b8cde232108169a8e7b05cb1e6b7f082c75e15159c8bbfec502,true
video_call_frame_capture,rep_02,rtv03_shoes_03,shoes,11446,data/real_transfer/v02/images/video_call_frame_capture/rep_02/11446.jpg,data/real_transfer/v03/images/video_call_frame_capture/rep_02/11446.jpg,64a66819df65710cf757d45d02d964a58e73d3099e18504be852b17f41cfa5e6,64a66819df65710cf757d45d02d964a58e73d3099e18504be852b17f41cfa5e6,true
messenger_upload_download,rep_01,rtv03_shoes_06,shoes,13252,data/real_transfer/v02/images/messenger_upload_download/rep_01/13252.jpg,data/real_transfer/v03/images/messenger_upload_download/rep_01/13252.jpg,4f5cdcada7a03f283abb119deb7d4ecee2f5fe465417cebf157029065699ab3b,4f5cdcada7a03f283abb119deb7d4ecee2f5fe465417cebf157029065699ab3b,true
messenger_upload_download,rep_02,rtv03_shoes_06,shoes,13252,data/real_transfer/v02/images/messenger_upload_download/rep_02/13252.jpg,data/real_transfer/v03/images/messenger_upload_download/rep_02/13252.jpg,369b2d544d5f596f1ea705dafa9b2fd2afbf6cd740f00a996b771863159481dd,369b2d544d5f596f1ea705dafa9b2fd2afbf6cd740f00a996b771863159481dd,true
phone_screenshot_resave,rep_01,rtv03_shoes_06,shoes,13252,data/real_transfer/v02/images/phone_screenshot_resave/rep_01/13252.jpg,data/real_transfer/v03/images/phone_screenshot_resave/rep_01/13252.jpg,e6081d3d8aae1e608163a11f0825de34b6990f016ee073b3b168f98450f44539,e6081d3d8aae1e608163a11f0825de34b6990f016ee073b3b168f98450f44539,true
phone_screenshot_resave,rep_02,rtv03_shoes_06,shoes,13252,data/real_transfer/v02/images/phone_screenshot_resave/rep_02/13252.jpg,data/real_transfer/v03/images/phone_screenshot_resave/rep_02/13252.jpg,62481a444e8c7486f01cfe240ac7c649ea274ec8825d94ee9b42b657870f8ae4,62481a444e8c7486f01cfe240ac7c649ea274ec8825d94ee9b42b657870f8ae4,true
video_call_frame_capture,rep_01,rtv03_shoes_06,shoes,13252,data/real_transfer/v02/images/video_call_frame_capture/rep_01/13252.jpg,data/real_transfer/v03/images/video_call_frame_capture/rep_01/13252.jpg,dd9280e6436ed6ce91ec6f7bdf831e37b2a624811880706387a9201a85e3c0c8,dd9280e6436ed6ce91ec6f7bdf831e37b2a624811880706387a9201a85e3c0c8,true
video_call_frame_capture,rep_02,rtv03_shoes_06,shoes,13252,data/real_transfer/v02/images/video_call_frame_capture/rep_02/13252.jpg,data/real_transfer/v03/images/video_call_frame_capture/rep_02/13252.jpg,39d3247bbc6ffcfd42c6b6bc8bd2a6bf910814749e3ef021052d25088bac4998,39d3247bbc6ffcfd42c6b6bc8bd2a6bf910814749e3ef021052d25088bac4998,true
messenger_upload_download,rep_01,rtv03_toy_01,toy,11716,data/real_transfer/v02/images/messenger_upload_download/rep_01/11716.jpg,data/real_transfer/v03/images/messenger_upload_download/rep_01/11716.jpg,da9ed344b74ff8580cd52afdb1fd628d747e7afcf3b0555ca62a843e4c88ac26,da9ed344b74ff8580cd52afdb1fd628d747e7afcf3b0555ca62a843e4c88ac26,true
messenger_upload_download,rep_02,rtv03_toy_01,toy,11716,data/real_transfer/v02/images/messenger_upload_download/rep_02/11716.jpg,data/real_transfer/v03/images/messenger_upload_download/rep_02/11716.jpg,d29b7df545ac320cd5c5a6126df99c84c26624a383985ab01dd4d38382b9b44c,d29b7df545ac320cd5c5a6126df99c84c26624a383985ab01dd4d38382b9b44c,true
phone_screenshot_resave,rep_01,rtv03_toy_01,toy,11716,data/real_transfer/v02/images/phone_screenshot_resave/rep_01/11716.jpg,data/real_transfer/v03/images/phone_screenshot_resave/rep_01/11716.jpg,b7b26562800c8dca2c570b38698f00947d09b0fbfd8334fa0104571cb4ab44bb,b7b26562800c8dca2c570b38698f00947d09b0fbfd8334fa0104571cb4ab44bb,true
phone_screenshot_resave,rep_02,rtv03_toy_01,toy,11716,data/real_transfer/v02/images/phone_screenshot_resave/rep_02/11716.jpg,data/real_transfer/v03/images/phone_screenshot_resave/rep_02/11716.jpg,d36ec1fbfbaa496f2a224f6b46d6a12f760c0871d654a1ef6c0100302254562a,d36ec1fbfbaa496f2a224f6b46d6a12f760c0871d654a1ef6c0100302254562a,true
video_call_frame_capture,rep_01,rtv03_toy_01,toy,11716,data/real_transfer/v02/images/video_call_frame_capture/rep_01/11716.jpg,data/real_transfer/v03/images/video_call_frame_capture/rep_01/11716.jpg,46162bb5440a2ef626d84c204d682e330cd2953aecb439bb13c5ce75623f686a,46162bb5440a2ef626d84c204d682e330cd2953aecb439bb13c5ce75623f686a,true
video_call_frame_capture,rep_02,rtv03_toy_01,toy,11716,data/real_transfer/v02/images/video_call_frame_capture/rep_02/11716.jpg,data/real_transfer/v03/images/video_call_frame_capture/rep_02/11716.jpg,4df6f05f2a44a1d228936628954e772eb3bb88eab08e2f13c7996a9cafb11901,4df6f05f2a44a1d228936628954e772eb3bb88eab08e2f13c7996a9cafb11901,true
messenger_upload_download,rep_01,rtv03_toy_02,toy,11735,data/real_transfer/v02/images/messenger_upload_download/rep_01/11735.jpg,data/real_transfer/v03/images/messenger_upload_download/rep_01/11735.jpg,036121643eb13fafbe31fe208602f4541fd756844c46cfe9de95c914c172816c,036121643eb13fafbe31fe208602f4541fd756844c46cfe9de95c914c172816c,true
messenger_upload_download,rep_02,rtv03_toy_02,toy,11735,data/real_transfer/v02/images/messenger_upload_download/rep_02/11735.jpg,data/real_transfer/v03/images/messenger_upload_download/rep_02/11735.jpg,fe9e2d146dba3ae1eac839bb04001499f816d85d8bc18b65a390da72fe93a94a,fe9e2d146dba3ae1eac839bb04001499f816d85d8bc18b65a390da72fe93a94a,true
phone_screenshot_resave,rep_01,rtv03_toy_02,toy,11735,data/real_transfer/v02/images/phone_screenshot_resave/rep_01/11735.jpg,data/real_transfer/v03/images/phone_screenshot_resave/rep_01/11735.jpg,c5468d0e5518f90c4d7629ccb9b964153f2ab9a75f4b58ae3350a42b32bddbda,c5468d0e5518f90c4d7629ccb9b964153f2ab9a75f4b58ae3350a42b32bddbda,true
phone_screenshot_resave,rep_02,rtv03_toy_02,toy,11735,data/real_transfer/v02/images/phone_screenshot_resave/rep_02/11735.jpg,data/real_transfer/v03/images/phone_screenshot_resave/rep_02/11735.jpg,f4e244331d7e23a262860c680de4c9912ac90f76c37fd069d4f698da7e0ac6cd,f4e244331d7e23a262860c680de4c9912ac90f76c37fd069d4f698da7e0ac6cd,true
video_call_frame_capture,rep_01,rtv03_toy_02,toy,11735,data/real_transfer/v02/images/video_call_frame_capture/rep_01/11735.jpg,data/real_transfer/v03/images/video_call_frame_capture/rep_01/11735.jpg,4dae4097dd3cd18de3dcda79dfc9c54b7d298c0d63e87d1bca33b78feb5fa399,4dae4097dd3cd18de3dcda79dfc9c54b7d298c0d63e87d1bca33b78feb5fa399,true
video_call_frame_capture,rep_02,rtv03_toy_02,toy,11735,data/real_transfer/v02/images/video_call_frame_capture/rep_02/11735.jpg,data/real_transfer/v03/images/video_call_frame_capture/rep_02/11735.jpg,78eecb3e801f0718eead8b8b4fd742f117c33ac5a9f45da63597ef1f2c6c9aa3,78eecb3e801f0718eead8b8b4fd742f117c33ac5a9f45da63597ef1f2c6c9aa3,true
messenger_upload_download,rep_01,rtv03_toy_03,toy,12027,data/real_transfer/v02/images/messenger_upload_download/rep_01/12027.jpg,data/real_transfer/v03/images/messenger_upload_download/rep_01/12027.jpg,a93d5cffedd985a93528dd001d15c8b9e8113c48b90d4bea5c85c7cd109f7015,a93d5cffedd985a93528dd001d15c8b9e8113c48b90d4bea5c85c7cd109f7015,true
messenger_upload_download,rep_02,rtv03_toy_03,toy,12027,data/real_transfer/v02/images/messenger_upload_download/rep_02/12027.jpg,data/real_transfer/v03/images/messenger_upload_download/rep_02/12027.jpg,8d5cbabbc070d6ace8386f7a1e054adc51469902ce4ec25170493c782cb31376,8d5cbabbc070d6ace8386f7a1e054adc51469902ce4ec25170493c782cb31376,true
phone_screenshot_resave,rep_01,rtv03_toy_03,toy,12027,data/real_transfer/v02/images/phone_screenshot_resave/rep_01/12027.jpg,data/real_transfer/v03/images/phone_screenshot_resave/rep_01/12027.jpg,ce3f80dc5c55c9ef4ed53489d57cc32368f70d2c036eb80e332aee4bc1b70bdd,ce3f80dc5c55c9ef4ed53489d57cc32368f70d2c036eb80e332aee4bc1b70bdd,true
phone_screenshot_resave,rep_02,rtv03_toy_03,toy,12027,data/real_transfer/v02/images/phone_screenshot_resave/rep_02/12027.jpg,data/real_transfer/v03/images/phone_screenshot_resave/rep_02/12027.jpg,57aea96dbc48db62acee3edb24e0a6ead7eb8f43a91ebec84b3ca6424c635fdf,57aea96dbc48db62acee3edb24e0a6ead7eb8f43a91ebec84b3ca6424c635fdf,true
video_call_frame_capture,rep_01,rtv03_toy_03,toy,12027,data/real_transfer/v02/images/video_call_frame_capture/rep_01/12027.jpg,data/real_transfer/v03/images/video_call_frame_capture/rep_01/12027.jpg,9f2cedd589721ebf52970e46bd8dd676dcce12c9d04c5f4e3ebdc864c875ba89,9f2cedd589721ebf52970e46bd8dd676dcce12c9d04c5f4e3ebdc864c875ba89,true
video_call_frame_capture,rep_02,rtv03_toy_03,toy,12027,data/real_transfer/v02/images/video_call_frame_capture/rep_02/12027.jpg,data/real_transfer/v03/images/video_call_frame_capture/rep_02/12027.jpg,435e59742db5cd15fd98241227376892b65da814a849bd02e66537ed09196534,435e59742db5cd15fd98241227376892b65da814a849bd02e66537ed09196534,true
messenger_upload_download,rep_01,rtv03_training_marker_cone_01,training_marker_cone,10457,data/real_transfer/v02/images/messenger_upload_download/rep_01/10457.jpg,data/real_transfer/v03/images/messenger_upload_download/rep_01/10457.jpg,45e8336cbb8c78966221769b3f2c90a41e49dd368d4ec839ddf6ade9477292e2,45e8336cbb8c78966221769b3f2c90a41e49dd368d4ec839ddf6ade9477292e2,true
messenger_upload_download,rep_02,rtv03_training_marker_cone_01,training_marker_cone,10457,data/real_transfer/v02/images/messenger_upload_download/rep_02/10457.jpg,data/real_transfer/v03/images/messenger_upload_download/rep_02/10457.jpg,5355850a928269d093bf4fc23559a82368bdb55d4257c5b751a4b9458d139ba3,5355850a928269d093bf4fc23559a82368bdb55d4257c5b751a4b9458d139ba3,true
phone_screenshot_resave,rep_01,rtv03_training_marker_cone_01,training_marker_cone,10457,data/real_transfer/v02/images/phone_screenshot_resave/rep_01/10457.jpg,data/real_transfer/v03/images/phone_screenshot_resave/rep_01/10457.jpg,577efaae81dd7227adcd723b65c4576cf6a5815bccf591b56e079f5686564fb7,577efaae81dd7227adcd723b65c4576cf6a5815bccf591b56e079f5686564fb7,true
phone_screenshot_resave,rep_02,rtv03_training_marker_cone_01,training_marker_cone,10457,data/real_transfer/v02/images/phone_screenshot_resave/rep_02/10457.jpg,data/real_transfer/v03/images/phone_screenshot_resave/rep_02/10457.jpg,368ecec4059bec8aa7ebf51b1f5c7086c202ed9faa67b9e5dc2a8802fe7a605f,368ecec4059bec8aa7ebf51b1f5c7086c202ed9faa67b9e5dc2a8802fe7a605f,true
video_call_frame_capture,rep_01,rtv03_training_marker_cone_01,training_marker_cone,10457,data/real_transfer/v02/images/video_call_frame_capture/rep_01/10457.jpg,data/real_transfer/v03/images/video_call_frame_capture/rep_01/10457.jpg,b4d34b5079ab9faaee7773d8f7cd21538bf47af9d3b92cfc35ca908af399d98e,b4d34b5079ab9faaee7773d8f7cd21538bf47af9d3b92cfc35ca908af399d98e,true
video_call_frame_capture,rep_02,rtv03_training_marker_cone_01,training_marker_cone,10457,data/real_transfer/v02/images/video_call_frame_capture/rep_02/10457.jpg,data/real_transfer/v03/images/video_call_frame_capture/rep_02/10457.jpg,9920e77432163229f404e23a74ac17f1ddd5d097b2497d5d854a8655c765738d,9920e77432163229f404e23a74ac17f1ddd5d097b2497d5d854a8655c765738d,true
messenger_upload_download,rep_01,rtv03_training_marker_cone_02,training_marker_cone,11437,data/real_transfer/v02/images/messenger_upload_download/rep_01/11437.jpg,data/real_transfer/v03/images/messenger_upload_download/rep_01/11437.jpg,0ad8577ce571c2f2fa23020633494753fb3559c09252cb07806aae3351eea9f9,0ad8577ce571c2f2fa23020633494753fb3559c09252cb07806aae3351eea9f9,true
messenger_upload_download,rep_02,rtv03_training_marker_cone_02,training_marker_cone,11437,data/real_transfer/v02/images/messenger_upload_download/rep_02/11437.jpg,data/real_transfer/v03/images/messenger_upload_download/rep_02/11437.jpg,1ab93340a2fd0e13a41ca5c74a81f50256799cc16b8ecc2f695165ae2fc4543a,1ab93340a2fd0e13a41ca5c74a81f50256799cc16b8ecc2f695165ae2fc4543a,true
phone_screenshot_resave,rep_01,rtv03_training_marker_cone_02,training_marker_cone,11437,data/real_transfer/v02/images/phone_screenshot_resave/rep_01/11437.jpg,data/real_transfer/v03/images/phone_screenshot_resave/rep_01/11437.jpg,6811cc4b4873e03d8586a9f7c2abb7cd5f59cb0bb1771a2687943c98c5d872e1,6811cc4b4873e03d8586a9f7c2abb7cd5f59cb0bb1771a2687943c98c5d872e1,true
phone_screenshot_resave,rep_02,rtv03_training_marker_cone_02,training_marker_cone,11437,data/real_transfer/v02/images/phone_screenshot_resave/rep_02/11437.jpg,data/real_transfer/v03/images/phone_screenshot_resave/rep_02/11437.jpg,cac64981538b733093fe61b92c0dacf3a0e703eb9b120f6d2895190dfacdb47a,cac64981538b733093fe61b92c0dacf3a0e703eb9b120f6d2895190dfacdb47a,true
video_call_frame_capture,rep_01,rtv03_training_marker_cone_02,training_marker_cone,11437,data/real_transfer/v02/images/video_call_frame_capture/rep_01/11437.jpg,data/real_transfer/v03/images/video_call_frame_capture/rep_01/11437.jpg,e33946012c76737f619b7b3c9d07344ec1d57bf6c2855ae9c4bff1e8485fef14,e33946012c76737f619b7b3c9d07344ec1d57bf6c2855ae9c4bff1e8485fef14,true
video_call_frame_capture,rep_02,rtv03_training_marker_cone_02,training_marker_cone,11437,data/real_transfer/v02/images/video_call_frame_capture/rep_02/11437.jpg,data/real_transfer/v03/images/video_call_frame_capture/rep_02/11437.jpg,b8e2b041883038a73df45c737d75d0251a4d6ecba26234bc5b00973cf01e669f,b8e2b041883038a73df45c737d75d0251a4d6ecba26234bc5b00973cf01e669f,true
messenger_upload_download,rep_01,rtv03_training_marker_cone_03,training_marker_cone,11747,data/real_transfer/v02/images/messenger_upload_download/rep_01/11747.jpg,data/real_transfer/v03/images/messenger_upload_download/rep_01/11747.jpg,8fb109375bbe6a07d97d38d19ede6eaa4d7877b71bbd118a23cce463a248e414,8fb109375bbe6a07d97d38d19ede6eaa4d7877b71bbd118a23cce463a248e414,true
messenger_upload_download,rep_02,rtv03_training_marker_cone_03,training_marker_cone,11747,data/real_transfer/v02/images/messenger_upload_download/rep_02/11747.jpg,data/real_transfer/v03/images/messenger_upload_download/rep_02/11747.jpg,f32b611caea4d4ab77dddc3f1dc8f57eb5b715705844bb16682159ba49ded511,f32b611caea4d4ab77dddc3f1dc8f57eb5b715705844bb16682159ba49ded511,true
phone_screenshot_resave,rep_01,rtv03_training_marker_cone_03,training_marker_cone,11747,data/real_transfer/v02/images/phone_screenshot_resave/rep_01/11747.jpg,data/real_transfer/v03/images/phone_screenshot_resave/rep_01/11747.jpg,0217a3add9ed7d11524b5f108e15e3ed132f40bb65f30f373fc98d4568a58b4d,0217a3add9ed7d11524b5f108e15e3ed132f40bb65f30f373fc98d4568a58b4d,true
phone_screenshot_resave,rep_02,rtv03_training_marker_cone_03,training_marker_cone,11747,data/real_transfer/v02/images/phone_screenshot_resave/rep_02/11747.jpg,data/real_transfer/v03/images/phone_screenshot_resave/rep_02/11747.jpg,b39eada5bea68e4ee707c5055172999bd78af12e8ea30aaf66cc72145b0a1e4b,b39eada5bea68e4ee707c5055172999bd78af12e8ea30aaf66cc72145b0a1e4b,true
video_call_frame_capture,rep_01,rtv03_training_marker_cone_03,training_marker_cone,11747,data/real_transfer/v02/images/video_call_frame_capture/rep_01/11747.jpg,data/real_transfer/v03/images/video_call_frame_capture/rep_01/11747.jpg,31ebffd0978caf643975939a7b121ca171eb11574b65642ebd8944c2ce10bd89,31ebffd0978caf643975939a7b121ca171eb11574b65642ebd8944c2ce10bd89,true
video_call_frame_capture,rep_02,rtv03_training_marker_cone_03,training_marker_cone,11747,data/real_transfer/v02/images/video_call_frame_capture/rep_02/11747.jpg,data/real_transfer/v03/images/video_call_frame_capture/rep_02/11747.jpg,87ebf17dfde634da094ee8eff65a86a74228bbe9d58fa0309c0ce80e07ba8be3,87ebf17dfde634da094ee8eff65a86a74228bbe9d58fa0309c0ce80e07ba8be3,true
