model_name,model_slug,family,recipe,severity,n,accuracy,mean_confidence,relative_accuracy_drop
OpenCLIP ViT-B/32 LAION2B,openclip_vit_b32_laion2b,clean,clean,clean,500,0.412,0.664758232563734,0.0
OpenCLIP ViT-B/32 LAION2B,openclip_vit_b32_laion2b,native_cure_or,native_challenge_type_02,level_1,500,0.418,0.6631016190946102,-0.006000000000000005
OpenCLIP ViT-B/32 LAION2B,openclip_vit_b32_laion2b,native_cure_or,native_challenge_type_02,level_2,500,0.406,0.6631956787407398,0.00599999999999995
OpenCLIP ViT-B/32 LAION2B,openclip_vit_b32_laion2b,native_cure_or,native_challenge_type_02,level_3,500,0.404,0.6575990636944771,0.007999999999999952
OpenCLIP ViT-B/32 LAION2B,openclip_vit_b32_laion2b,native_cure_or,native_challenge_type_02,level_4,500,0.394,0.6725818443596363,0.01799999999999996
OpenCLIP ViT-B/32 LAION2B,openclip_vit_b32_laion2b,native_cure_or,native_challenge_type_03,level_1,500,0.348,0.6196868961453438,0.064
OpenCLIP ViT-B/32 LAION2B,openclip_vit_b32_laion2b,native_cure_or,native_challenge_type_03,level_2,500,0.348,0.6111881586015224,0.064
OpenCLIP ViT-B/32 LAION2B,openclip_vit_b32_laion2b,native_cure_or,native_challenge_type_03,level_3,500,0.336,0.5976396162509918,0.07599999999999996
OpenCLIP ViT-B/32 LAION2B,openclip_vit_b32_laion2b,native_cure_or,native_challenge_type_03,level_4,500,0.302,0.5835115811526775,0.10999999999999999
OpenCLIP ViT-B/32 LAION2B,openclip_vit_b32_laion2b,native_cure_or,native_challenge_type_03,level_5,500,0.224,0.5345226024687291,0.18799999999999997
OpenCLIP ViT-B/32 LAION2B,openclip_vit_b32_laion2b,native_cure_or,native_challenge_type_04,level_1,500,0.39,0.6531852921545506,0.021999999999999964
OpenCLIP ViT-B/32 LAION2B,openclip_vit_b32_laion2b,native_cure_or,native_challenge_type_04,level_2,500,0.28,0.5703093878179789,0.13199999999999995
OpenCLIP ViT-B/32 LAION2B,openclip_vit_b32_laion2b,native_cure_or,native_challenge_type_04,level_3,500,0.224,0.5197848980352282,0.18799999999999997
OpenCLIP ViT-B/32 LAION2B,openclip_vit_b32_laion2b,native_cure_or,native_challenge_type_04,level_4,500,0.176,0.4768744929879904,0.236
OpenCLIP ViT-B/32 LAION2B,openclip_vit_b32_laion2b,native_cure_or,native_challenge_type_04,level_5,500,0.146,0.44607244960218667,0.266
OpenCLIP ViT-B/32 LAION2B,openclip_vit_b32_laion2b,native_cure_or,native_challenge_type_05,level_1,500,0.196,0.5317016711831093,0.21599999999999997
OpenCLIP ViT-B/32 LAION2B,openclip_vit_b32_laion2b,native_cure_or,native_challenge_type_05,level_2,500,0.076,0.4352292226701975,0.33599999999999997
OpenCLIP ViT-B/32 LAION2B,openclip_vit_b32_laion2b,native_cure_or,native_challenge_type_05,level_3,500,0.036,0.34168025995790957,0.376
OpenCLIP ViT-B/32 LAION2B,openclip_vit_b32_laion2b,native_cure_or,native_challenge_type_05,level_4,500,0.022,0.3428997164517641,0.38999999999999996
OpenCLIP ViT-B/32 LAION2B,openclip_vit_b32_laion2b,native_cure_or,native_challenge_type_05,level_5,500,0.014,0.38856805564463137,0.39799999999999996
OpenCLIP ViT-B/32 LAION2B,openclip_vit_b32_laion2b,native_cure_or,native_challenge_type_06,level_1,500,0.372,0.6177948833107948,0.03999999999999998
OpenCLIP ViT-B/32 LAION2B,openclip_vit_b32_laion2b,native_cure_or,native_challenge_type_06,level_2,500,0.342,0.5815410968959331,0.06999999999999995
OpenCLIP ViT-B/32 LAION2B,openclip_vit_b32_laion2b,native_cure_or,native_challenge_type_06,level_3,500,0.304,0.5659768568873406,0.10799999999999998
OpenCLIP ViT-B/32 LAION2B,openclip_vit_b32_laion2b,native_cure_or,native_challenge_type_06,level_4,500,0.286,0.5468542286157608,0.126
OpenCLIP ViT-B/32 LAION2B,openclip_vit_b32_laion2b,native_cure_or,native_challenge_type_06,level_5,500,0.272,0.5443254534602165,0.13999999999999996
OpenCLIP ViT-B/32 LAION2B,openclip_vit_b32_laion2b,native_cure_or,native_challenge_type_07,level_1,500,0.326,0.5909928081929684,0.08599999999999997
OpenCLIP ViT-B/32 LAION2B,openclip_vit_b32_laion2b,native_cure_or,native_challenge_type_07,level_2,500,0.26,0.6027809959352016,0.15199999999999997
OpenCLIP ViT-B/32 LAION2B,openclip_vit_b32_laion2b,native_cure_or,native_challenge_type_07,level_3,500,0.148,0.6100976378917694,0.264
OpenCLIP ViT-B/32 LAION2B,openclip_vit_b32_laion2b,native_cure_or,native_challenge_type_07,level_4,500,0.088,0.5830813945829868,0.32399999999999995
OpenCLIP ViT-B/32 LAION2B,openclip_vit_b32_laion2b,native_cure_or,native_challenge_type_07,level_5,500,0.048,0.5971568022072316,0.364
OpenCLIP ViT-B/32 LAION2B,openclip_vit_b32_laion2b,native_cure_or,native_challenge_type_08,level_1,500,0.258,0.6021144775152206,0.15399999999999997
OpenCLIP ViT-B/32 LAION2B,openclip_vit_b32_laion2b,native_cure_or,native_challenge_type_08,level_2,500,0.256,0.5453082555532456,0.15599999999999997
OpenCLIP ViT-B/32 LAION2B,openclip_vit_b32_laion2b,native_cure_or,native_challenge_type_08,level_3,500,0.23,0.5655433045327664,0.18199999999999997
OpenCLIP ViT-B/32 LAION2B,openclip_vit_b32_laion2b,native_cure_or,native_challenge_type_08,level_4,500,0.186,0.5381265494525432,0.22599999999999998
OpenCLIP ViT-B/32 LAION2B,openclip_vit_b32_laion2b,native_cure_or,native_challenge_type_08,level_5,500,0.124,0.46223203162848947,0.288
OpenCLIP ViT-B/32 LAION2B,openclip_vit_b32_laion2b,native_cure_or,native_challenge_type_09,level_1,500,0.242,0.5350307662785053,0.16999999999999998
OpenCLIP ViT-B/32 LAION2B,openclip_vit_b32_laion2b,native_cure_or,native_challenge_type_09,level_2,500,0.16,0.4603243858218193,0.252
OpenCLIP ViT-B/32 LAION2B,openclip_vit_b32_laion2b,native_cure_or,native_challenge_type_09,level_3,500,0.068,0.37810457538068293,0.344
OpenCLIP ViT-B/32 LAION2B,openclip_vit_b32_laion2b,native_cure_or,native_challenge_type_09,level_4,500,0.03,0.34773048290610314,0.382
OpenCLIP ViT-B/32 LAION2B,openclip_vit_b32_laion2b,native_cure_or,native_challenge_type_09,level_5,500,0.014,0.3431661440730095,0.39799999999999996
OpenCLIP ViT-B/32 LAION2B,openclip_vit_b32_laion2b,native_cure_or,native_challenge_type_11,level_1,500,0.244,0.6253916252255439,0.16799999999999998
OpenCLIP ViT-B/32 LAION2B,openclip_vit_b32_laion2b,native_cure_or,native_challenge_type_11,level_2,500,0.236,0.6183996573388576,0.176
OpenCLIP ViT-B/32 LAION2B,openclip_vit_b32_laion2b,native_cure_or,native_challenge_type_11,level_3,500,0.24,0.6174475595802069,0.172
OpenCLIP ViT-B/32 LAION2B,openclip_vit_b32_laion2b,native_cure_or,native_challenge_type_11,level_4,500,0.236,0.6159595704078674,0.176
OpenCLIP ViT-B/32 LAION2B,openclip_vit_b32_laion2b,native_cure_or,native_challenge_type_12,level_1,499,0.23046092184368738,0.5833374561073785,0.1815390781563126
OpenCLIP ViT-B/32 LAION2B,openclip_vit_b32_laion2b,native_cure_or,native_challenge_type_12,level_2,500,0.212,0.5789915099740028,0.19999999999999998
OpenCLIP ViT-B/32 LAION2B,openclip_vit_b32_laion2b,native_cure_or,native_challenge_type_12,level_3,500,0.208,0.5735959844589233,0.204
OpenCLIP ViT-B/32 LAION2B,openclip_vit_b32_laion2b,native_cure_or,native_challenge_type_12,level_4,500,0.19,0.5572011720240116,0.22199999999999998
OpenCLIP ViT-B/32 LAION2B,openclip_vit_b32_laion2b,native_cure_or,native_challenge_type_12,level_5,500,0.132,0.531695443034172,0.27999999999999997
OpenCLIP ViT-B/32 LAION2B,openclip_vit_b32_laion2b,native_cure_or,native_challenge_type_13,level_1,500,0.232,0.604080421179533,0.17999999999999997
OpenCLIP ViT-B/32 LAION2B,openclip_vit_b32_laion2b,native_cure_or,native_challenge_type_13,level_2,500,0.17,0.6028828734233975,0.24199999999999997
OpenCLIP ViT-B/32 LAION2B,openclip_vit_b32_laion2b,native_cure_or,native_challenge_type_13,level_3,500,0.11,0.5271697685047985,0.302
OpenCLIP ViT-B/32 LAION2B,openclip_vit_b32_laion2b,native_cure_or,native_challenge_type_13,level_4,500,0.082,0.5067452601417899,0.32999999999999996
OpenCLIP ViT-B/32 LAION2B,openclip_vit_b32_laion2b,native_cure_or,native_challenge_type_13,level_5,500,0.066,0.4930267091169953,0.346
OpenCLIP ViT-B/32 LAION2B,openclip_vit_b32_laion2b,native_cure_or,native_challenge_type_14,level_1,500,0.082,0.5522860420048237,0.32999999999999996
OpenCLIP ViT-B/32 LAION2B,openclip_vit_b32_laion2b,native_cure_or,native_challenge_type_14,level_2,500,0.02,0.507532521545887,0.39199999999999996
OpenCLIP ViT-B/32 LAION2B,openclip_vit_b32_laion2b,native_cure_or,native_challenge_type_14,level_3,500,0.012,0.47242763349413874,0.39999999999999997
OpenCLIP ViT-B/32 LAION2B,openclip_vit_b32_laion2b,native_cure_or,native_challenge_type_14,level_4,500,0.01,0.4356141793131828,0.40199999999999997
OpenCLIP ViT-B/32 LAION2B,openclip_vit_b32_laion2b,native_cure_or,native_challenge_type_14,level_5,500,0.01,0.47190400791168213,0.40199999999999997
OpenCLIP ViT-B/32 LAION2B,openclip_vit_b32_laion2b,native_cure_or,native_challenge_type_15,level_1,500,0.224,0.5546792310327292,0.18799999999999997
OpenCLIP ViT-B/32 LAION2B,openclip_vit_b32_laion2b,native_cure_or,native_challenge_type_15,level_2,500,0.188,0.5529891673475504,0.22399999999999998
OpenCLIP ViT-B/32 LAION2B,openclip_vit_b32_laion2b,native_cure_or,native_challenge_type_15,level_3,500,0.17,0.5470961821675301,0.24199999999999997
OpenCLIP ViT-B/32 LAION2B,openclip_vit_b32_laion2b,native_cure_or,native_challenge_type_15,level_4,500,0.134,0.5520133447498083,0.27799999999999997
OpenCLIP ViT-B/32 LAION2B,openclip_vit_b32_laion2b,native_cure_or,native_challenge_type_15,level_5,500,0.122,0.5575988046526908,0.29
OpenCLIP ViT-B/32 LAION2B,openclip_vit_b32_laion2b,native_cure_or,native_challenge_type_16,level_1,500,0.17,0.5488609217405319,0.24199999999999997
OpenCLIP ViT-B/32 LAION2B,openclip_vit_b32_laion2b,native_cure_or,native_challenge_type_16,level_2,500,0.1,0.533331678956747,0.31199999999999994
OpenCLIP ViT-B/32 LAION2B,openclip_vit_b32_laion2b,native_cure_or,native_challenge_type_16,level_3,500,0.054,0.5301848305165767,0.358
OpenCLIP ViT-B/32 LAION2B,openclip_vit_b32_laion2b,native_cure_or,native_challenge_type_16,level_4,500,0.02,0.49403099089860913,0.39199999999999996
OpenCLIP ViT-B/32 LAION2B,openclip_vit_b32_laion2b,native_cure_or,native_challenge_type_16,level_5,500,0.012,0.4332226766943932,0.39999999999999997
OpenCLIP ViT-B/32 LAION2B,openclip_vit_b32_laion2b,native_cure_or,native_challenge_type_17,level_1,500,0.126,0.588874580770731,0.286
OpenCLIP ViT-B/32 LAION2B,openclip_vit_b32_laion2b,native_cure_or,native_challenge_type_17,level_2,500,0.112,0.5433164118528366,0.3
OpenCLIP ViT-B/32 LAION2B,openclip_vit_b32_laion2b,native_cure_or,native_challenge_type_17,level_3,500,0.092,0.5398141374886036,0.31999999999999995
OpenCLIP ViT-B/32 LAION2B,openclip_vit_b32_laion2b,native_cure_or,native_challenge_type_17,level_4,500,0.074,0.5279003734290599,0.33799999999999997
OpenCLIP ViT-B/32 LAION2B,openclip_vit_b32_laion2b,native_cure_or,native_challenge_type_17,level_5,500,0.054,0.4560480214059353,0.358
OpenCLIP ViT-B/32 LAION2B,openclip_vit_b32_laion2b,native_cure_or,native_challenge_type_18,level_1,500,0.098,0.5027183673381805,0.31399999999999995
OpenCLIP ViT-B/32 LAION2B,openclip_vit_b32_laion2b,native_cure_or,native_challenge_type_18,level_2,500,0.034,0.45326070922613143,0.378
OpenCLIP ViT-B/32 LAION2B,openclip_vit_b32_laion2b,native_cure_or,native_challenge_type_18,level_3,500,0.018,0.5081958196759224,0.39399999999999996
OpenCLIP ViT-B/32 LAION2B,openclip_vit_b32_laion2b,native_cure_or,native_challenge_type_18,level_4,500,0.01,0.6336260677576065,0.40199999999999997
OpenCLIP ViT-B/32 LAION2B,openclip_vit_b32_laion2b,native_cure_or,native_challenge_type_18,level_5,500,0.008,0.43401184254884717,0.40399999999999997
CLIP ViT-B/16,clip_vit_b16,clean,clean,clean,500,0.444,0.5248231267482042,0.0
CLIP ViT-B/16,clip_vit_b16,native_cure_or,native_challenge_type_02,level_1,500,0.442,0.5265371632426977,0.0020000000000000018
CLIP ViT-B/16,clip_vit_b16,native_cure_or,native_challenge_type_02,level_2,500,0.434,0.5253144607394934,0.010000000000000009
CLIP ViT-B/16,clip_vit_b16,native_cure_or,native_challenge_type_02,level_3,500,0.442,0.5249632430970669,0.0020000000000000018
CLIP ViT-B/16,clip_vit_b16,native_cure_or,native_challenge_type_02,level_4,500,0.424,0.5294322046637535,0.020000000000000018
CLIP ViT-B/16,clip_vit_b16,native_cure_or,native_challenge_type_03,level_1,500,0.406,0.46727529364079234,0.03799999999999998
CLIP ViT-B/16,clip_vit_b16,native_cure_or,native_challenge_type_03,level_2,500,0.4,0.4521083369106054,0.043999999999999984
CLIP ViT-B/16,clip_vit_b16,native_cure_or,native_challenge_type_03,level_3,500,0.37,0.4180526995882392,0.07400000000000001
CLIP ViT-B/16,clip_vit_b16,native_cure_or,native_challenge_type_03,level_4,500,0.316,0.3586168154552579,0.128
CLIP ViT-B/16,clip_vit_b16,native_cure_or,native_challenge_type_03,level_5,500,0.19,0.2880705142840743,0.254
CLIP ViT-B/16,clip_vit_b16,native_cure_or,native_challenge_type_04,level_1,500,0.404,0.521856895044446,0.03999999999999998
CLIP ViT-B/16,clip_vit_b16,native_cure_or,native_challenge_type_04,level_2,500,0.308,0.42637521514296534,0.136
CLIP ViT-B/16,clip_vit_b16,native_cure_or,native_challenge_type_04,level_3,500,0.218,0.36684331895411015,0.226
CLIP ViT-B/16,clip_vit_b16,native_cure_or,native_challenge_type_04,level_4,500,0.18,0.33952318570017814,0.264
CLIP ViT-B/16,clip_vit_b16,native_cure_or,native_challenge_type_04,level_5,500,0.158,0.3111028780713677,0.28600000000000003
CLIP ViT-B/16,clip_vit_b16,native_cure_or,native_challenge_type_05,level_1,500,0.178,0.2815292625427246,0.266
CLIP ViT-B/16,clip_vit_b16,native_cure_or,native_challenge_type_05,level_2,500,0.072,0.18739680069684983,0.372
CLIP ViT-B/16,clip_vit_b16,native_cure_or,native_challenge_type_05,level_3,500,0.04,0.14999143588542937,0.404
CLIP ViT-B/16,clip_vit_b16,native_cure_or,native_challenge_type_05,level_4,500,0.02,0.15963073471188546,0.424
CLIP ViT-B/16,clip_vit_b16,native_cure_or,native_challenge_type_05,level_5,500,0.02,0.13825806017220021,0.424
CLIP ViT-B/16,clip_vit_b16,native_cure_or,native_challenge_type_06,level_1,500,0.392,0.48048388183116914,0.05199999999999999
CLIP ViT-B/16,clip_vit_b16,native_cure_or,native_challenge_type_06,level_2,500,0.35,0.43797817964851854,0.09400000000000003
CLIP ViT-B/16,clip_vit_b16,native_cure_or,native_challenge_type_06,level_3,500,0.298,0.42122640961408614,0.14600000000000002
CLIP ViT-B/16,clip_vit_b16,native_cure_or,native_challenge_type_06,level_4,500,0.274,0.40516433872282503,0.16999999999999998
CLIP ViT-B/16,clip_vit_b16,native_cure_or,native_challenge_type_06,level_5,500,0.268,0.3922141193151474,0.176
CLIP ViT-B/16,clip_vit_b16,native_cure_or,native_challenge_type_07,level_1,500,0.326,0.4584408400952816,0.118
CLIP ViT-B/16,clip_vit_b16,native_cure_or,native_challenge_type_07,level_2,500,0.274,0.428037398993969,0.16999999999999998
CLIP ViT-B/16,clip_vit_b16,native_cure_or,native_challenge_type_07,level_3,500,0.222,0.384504466354847,0.222
CLIP ViT-B/16,clip_vit_b16,native_cure_or,native_challenge_type_07,level_4,500,0.142,0.33658944387733936,0.30200000000000005
CLIP ViT-B/16,clip_vit_b16,native_cure_or,native_challenge_type_07,level_5,500,0.08,0.32172975090146066,0.364
CLIP ViT-B/16,clip_vit_b16,native_cure_or,native_challenge_type_08,level_1,500,0.298,0.38317938496172427,0.14600000000000002
CLIP ViT-B/16,clip_vit_b16,native_cure_or,native_challenge_type_08,level_2,500,0.242,0.35864096716046334,0.202
CLIP ViT-B/16,clip_vit_b16,native_cure_or,native_challenge_type_08,level_3,500,0.248,0.35121308687329295,0.196
CLIP ViT-B/16,clip_vit_b16,native_cure_or,native_challenge_type_08,level_4,500,0.21,0.34023136194050313,0.234
CLIP ViT-B/16,clip_vit_b16,native_cure_or,native_challenge_type_08,level_5,500,0.188,0.2940233000069857,0.256
CLIP ViT-B/16,clip_vit_b16,native_cure_or,native_challenge_type_09,level_1,500,0.264,0.3998977523595095,0.18
CLIP ViT-B/16,clip_vit_b16,native_cure_or,native_challenge_type_09,level_2,500,0.188,0.3095540146306157,0.256
CLIP ViT-B/16,clip_vit_b16,native_cure_or,native_challenge_type_09,level_3,500,0.098,0.22027599838376044,0.346
CLIP ViT-B/16,clip_vit_b16,native_cure_or,native_challenge_type_09,level_4,500,0.034,0.15541592290997505,0.41000000000000003
CLIP ViT-B/16,clip_vit_b16,native_cure_or,native_challenge_type_09,level_5,500,0.01,0.09720764323323965,0.434
CLIP ViT-B/16,clip_vit_b16,native_cure_or,native_challenge_type_11,level_1,500,0.32,0.4492551703006029,0.124
CLIP ViT-B/16,clip_vit_b16,native_cure_or,native_challenge_type_11,level_2,500,0.312,0.4499657369852066,0.132
CLIP ViT-B/16,clip_vit_b16,native_cure_or,native_challenge_type_11,level_3,500,0.308,0.45005790574848653,0.136
CLIP ViT-B/16,clip_vit_b16,native_cure_or,native_challenge_type_11,level_4,500,0.304,0.449659927085042,0.14
CLIP ViT-B/16,clip_vit_b16,native_cure_or,native_challenge_type_12,level_1,499,0.2845691382765531,0.370640875767909,0.1594308617234469
CLIP ViT-B/16,clip_vit_b16,native_cure_or,native_challenge_type_12,level_2,500,0.264,0.34791995690762995,0.18
CLIP ViT-B/16,clip_vit_b16,native_cure_or,native_challenge_type_12,level_3,500,0.236,0.32613365090638397,0.20800000000000002
CLIP ViT-B/16,clip_vit_b16,native_cure_or,native_challenge_type_12,level_4,500,0.192,0.30179919900745156,0.252
CLIP ViT-B/16,clip_vit_b16,native_cure_or,native_challenge_type_12,level_5,500,0.132,0.2638157967552543,0.312
CLIP ViT-B/16,clip_vit_b16,native_cure_or,native_challenge_type_13,level_1,500,0.286,0.43993311390280726,0.15800000000000003
CLIP ViT-B/16,clip_vit_b16,native_cure_or,native_challenge_type_13,level_2,500,0.18,0.3765731243789196,0.264
CLIP ViT-B/16,clip_vit_b16,native_cure_or,native_challenge_type_13,level_3,500,0.13,0.33384158204495906,0.314
CLIP ViT-B/16,clip_vit_b16,native_cure_or,native_challenge_type_13,level_4,500,0.114,0.30360163819789887,0.33
CLIP ViT-B/16,clip_vit_b16,native_cure_or,native_challenge_type_13,level_5,500,0.074,0.31043176516890525,0.37
CLIP ViT-B/16,clip_vit_b16,native_cure_or,native_challenge_type_14,level_1,500,0.08,0.18569779816269874,0.364
CLIP ViT-B/16,clip_vit_b16,native_cure_or,native_challenge_type_14,level_2,500,0.01,0.11638283924013376,0.434
CLIP ViT-B/16,clip_vit_b16,native_cure_or,native_challenge_type_14,level_3,500,0.01,0.13472759478539229,0.434
CLIP ViT-B/16,clip_vit_b16,native_cure_or,native_challenge_type_14,level_4,500,0.012,0.12347936835885048,0.432
CLIP ViT-B/16,clip_vit_b16,native_cure_or,native_challenge_type_14,level_5,500,0.014,0.12194767855852842,0.43
CLIP ViT-B/16,clip_vit_b16,native_cure_or,native_challenge_type_15,level_1,500,0.25,0.3991186939328909,0.194
CLIP ViT-B/16,clip_vit_b16,native_cure_or,native_challenge_type_15,level_2,500,0.198,0.35581855453550815,0.246
CLIP ViT-B/16,clip_vit_b16,native_cure_or,native_challenge_type_15,level_3,500,0.188,0.34194252797961233,0.256
CLIP ViT-B/16,clip_vit_b16,native_cure_or,native_challenge_type_15,level_4,500,0.164,0.3452981636822224,0.28
CLIP ViT-B/16,clip_vit_b16,native_cure_or,native_challenge_type_15,level_5,500,0.152,0.3402039598226547,0.29200000000000004
CLIP ViT-B/16,clip_vit_b16,native_cure_or,native_challenge_type_16,level_1,500,0.202,0.35093250598013404,0.242
CLIP ViT-B/16,clip_vit_b16,native_cure_or,native_challenge_type_16,level_2,500,0.15,0.3289706134945154,0.29400000000000004
CLIP ViT-B/16,clip_vit_b16,native_cure_or,native_challenge_type_16,level_3,500,0.09,0.27131550005078314,0.354
CLIP ViT-B/16,clip_vit_b16,native_cure_or,native_challenge_type_16,level_4,500,0.048,0.24473609966039658,0.396
CLIP ViT-B/16,clip_vit_b16,native_cure_or,native_challenge_type_16,level_5,500,0.024,0.24093687224388122,0.42
CLIP ViT-B/16,clip_vit_b16,native_cure_or,native_challenge_type_17,level_1,500,0.18,0.3117796454876661,0.264
CLIP ViT-B/16,clip_vit_b16,native_cure_or,native_challenge_type_17,level_2,500,0.138,0.29126439529657366,0.306
CLIP ViT-B/16,clip_vit_b16,native_cure_or,native_challenge_type_17,level_3,500,0.13,0.2784343270212412,0.314
CLIP ViT-B/16,clip_vit_b16,native_cure_or,native_challenge_type_17,level_4,500,0.104,0.28601260130107403,0.34
CLIP ViT-B/16,clip_vit_b16,native_cure_or,native_challenge_type_17,level_5,500,0.072,0.2727589488178492,0.372
CLIP ViT-B/16,clip_vit_b16,native_cure_or,native_challenge_type_18,level_1,500,0.122,0.32343510426580907,0.322
CLIP ViT-B/16,clip_vit_b16,native_cure_or,native_challenge_type_18,level_2,500,0.072,0.2563118871003389,0.372
CLIP ViT-B/16,clip_vit_b16,native_cure_or,native_challenge_type_18,level_3,500,0.046,0.20117477336525916,0.398
CLIP ViT-B/16,clip_vit_b16,native_cure_or,native_challenge_type_18,level_4,500,0.016,0.20790345184504985,0.428
CLIP ViT-B/16,clip_vit_b16,native_cure_or,native_challenge_type_18,level_5,500,0.01,0.2612917869091034,0.434
CLIP ViT-B/32,clip_vit_b32,clean,clean,clean,500,0.35,0.4644233193844557,0.0
CLIP ViT-B/32,clip_vit_b32,native_cure_or,native_challenge_type_02,level_1,500,0.346,0.46234070850908754,0.0040000000000000036
CLIP ViT-B/32,clip_vit_b32,native_cure_or,native_challenge_type_02,level_2,500,0.344,0.45912434861063955,0.006000000000000005
CLIP ViT-B/32,clip_vit_b32,native_cure_or,native_challenge_type_02,level_3,500,0.34,0.46468965864181516,0.009999999999999953
CLIP ViT-B/32,clip_vit_b32,native_cure_or,native_challenge_type_02,level_4,500,0.334,0.4711236474663019,0.01599999999999996
CLIP ViT-B/32,clip_vit_b32,native_cure_or,native_challenge_type_03,level_1,500,0.352,0.41813403594493864,-0.0020000000000000018
CLIP ViT-B/32,clip_vit_b32,native_cure_or,native_challenge_type_03,level_2,500,0.364,0.39844222320616246,-0.014000000000000012
CLIP ViT-B/32,clip_vit_b32,native_cure_or,native_challenge_type_03,level_3,500,0.344,0.3738822904899716,0.006000000000000005
CLIP ViT-B/32,clip_vit_b32,native_cure_or,native_challenge_type_03,level_4,500,0.284,0.34295693451911213,0.066
CLIP ViT-B/32,clip_vit_b32,native_cure_or,native_challenge_type_03,level_5,500,0.174,0.2620486635565758,0.176
CLIP ViT-B/32,clip_vit_b32,native_cure_or,native_challenge_type_04,level_1,500,0.326,0.46133755715191366,0.023999999999999966
CLIP ViT-B/32,clip_vit_b32,native_cure_or,native_challenge_type_04,level_2,500,0.204,0.3889308162778616,0.146
CLIP ViT-B/32,clip_vit_b32,native_cure_or,native_challenge_type_04,level_3,500,0.168,0.38002441567182543,0.18199999999999997
CLIP ViT-B/32,clip_vit_b32,native_cure_or,native_challenge_type_04,level_4,500,0.144,0.3337931908667088,0.206
CLIP ViT-B/32,clip_vit_b32,native_cure_or,native_challenge_type_04,level_5,500,0.114,0.3103926691263914,0.236
CLIP ViT-B/32,clip_vit_b32,native_cure_or,native_challenge_type_05,level_1,500,0.186,0.2638576023578644,0.16399999999999998
CLIP ViT-B/32,clip_vit_b32,native_cure_or,native_challenge_type_05,level_2,500,0.076,0.16191525059193373,0.27399999999999997
CLIP ViT-B/32,clip_vit_b32,native_cure_or,native_challenge_type_05,level_3,500,0.048,0.1708751822039485,0.302
CLIP ViT-B/32,clip_vit_b32,native_cure_or,native_challenge_type_05,level_4,500,0.026,0.20554242308437826,0.32399999999999995
CLIP ViT-B/32,clip_vit_b32,native_cure_or,native_challenge_type_05,level_5,500,0.014,0.2052462061420083,0.33599999999999997
CLIP ViT-B/32,clip_vit_b32,native_cure_or,native_challenge_type_06,level_1,500,0.292,0.4232829729020596,0.057999999999999996
CLIP ViT-B/32,clip_vit_b32,native_cure_or,native_challenge_type_06,level_2,500,0.25,0.38714415596425533,0.09999999999999998
CLIP ViT-B/32,clip_vit_b32,native_cure_or,native_challenge_type_06,level_3,500,0.232,0.36713916912674904,0.11799999999999997
CLIP ViT-B/32,clip_vit_b32,native_cure_or,native_challenge_type_06,level_4,500,0.206,0.3584571428745985,0.144
CLIP ViT-B/32,clip_vit_b32,native_cure_or,native_challenge_type_06,level_5,500,0.19,0.3467228182256222,0.15999999999999998
CLIP ViT-B/32,clip_vit_b32,native_cure_or,native_challenge_type_07,level_1,500,0.294,0.4282282344251871,0.055999999999999994
CLIP ViT-B/32,clip_vit_b32,native_cure_or,native_challenge_type_07,level_2,500,0.24,0.3842899671047926,0.10999999999999999
CLIP ViT-B/32,clip_vit_b32,native_cure_or,native_challenge_type_07,level_3,500,0.172,0.34763756915926936,0.178
CLIP ViT-B/32,clip_vit_b32,native_cure_or,native_challenge_type_07,level_4,500,0.1,0.33929038286209107,0.24999999999999997
CLIP ViT-B/32,clip_vit_b32,native_cure_or,native_challenge_type_07,level_5,500,0.05,0.29243626157939434,0.3
CLIP ViT-B/32,clip_vit_b32,native_cure_or,native_challenge_type_08,level_1,500,0.264,0.4288836687207222,0.08599999999999997
CLIP ViT-B/32,clip_vit_b32,native_cure_or,native_challenge_type_08,level_2,500,0.252,0.37224543388187886,0.09799999999999998
CLIP ViT-B/32,clip_vit_b32,native_cure_or,native_challenge_type_08,level_3,500,0.232,0.3120614737793803,0.11799999999999997
CLIP ViT-B/32,clip_vit_b32,native_cure_or,native_challenge_type_08,level_4,500,0.21,0.2733653256893158,0.13999999999999999
CLIP ViT-B/32,clip_vit_b32,native_cure_or,native_challenge_type_08,level_5,500,0.126,0.2321600257754326,0.22399999999999998
CLIP ViT-B/32,clip_vit_b32,native_cure_or,native_challenge_type_09,level_1,500,0.262,0.40873010782897473,0.08799999999999997
CLIP ViT-B/32,clip_vit_b32,native_cure_or,native_challenge_type_09,level_2,500,0.184,0.33755473589152096,0.16599999999999998
CLIP ViT-B/32,clip_vit_b32,native_cure_or,native_challenge_type_09,level_3,500,0.094,0.24311857441067697,0.256
CLIP ViT-B/32,clip_vit_b32,native_cure_or,native_challenge_type_09,level_4,500,0.024,0.1720137958675623,0.32599999999999996
CLIP ViT-B/32,clip_vit_b32,native_cure_or,native_challenge_type_09,level_5,500,0.006,0.1266228765398264,0.344
CLIP ViT-B/32,clip_vit_b32,native_cure_or,native_challenge_type_11,level_1,500,0.226,0.37479156218469145,0.12399999999999997
CLIP ViT-B/32,clip_vit_b32,native_cure_or,native_challenge_type_11,level_2,500,0.222,0.3730537034869194,0.12799999999999997
CLIP ViT-B/32,clip_vit_b32,native_cure_or,native_challenge_type_11,level_3,500,0.222,0.37319968864321706,0.12799999999999997
CLIP ViT-B/32,clip_vit_b32,native_cure_or,native_challenge_type_11,level_4,500,0.218,0.3680821290910244,0.13199999999999998
CLIP ViT-B/32,clip_vit_b32,native_cure_or,native_challenge_type_12,level_1,499,0.1963927855711423,0.3347845951726059,0.1536072144288577
CLIP ViT-B/32,clip_vit_b32,native_cure_or,native_challenge_type_12,level_2,500,0.198,0.32528700929880144,0.15199999999999997
CLIP ViT-B/32,clip_vit_b32,native_cure_or,native_challenge_type_12,level_3,500,0.168,0.318954331189394,0.18199999999999997
CLIP ViT-B/32,clip_vit_b32,native_cure_or,native_challenge_type_12,level_4,500,0.128,0.33063132797181605,0.22199999999999998
CLIP ViT-B/32,clip_vit_b32,native_cure_or,native_challenge_type_12,level_5,500,0.09,0.2951436529457569,0.26
CLIP ViT-B/32,clip_vit_b32,native_cure_or,native_challenge_type_13,level_1,500,0.204,0.39030373108386995,0.146
CLIP ViT-B/32,clip_vit_b32,native_cure_or,native_challenge_type_13,level_2,500,0.136,0.3466681603416801,0.21399999999999997
CLIP ViT-B/32,clip_vit_b32,native_cure_or,native_challenge_type_13,level_3,500,0.112,0.32377334040403366,0.238
CLIP ViT-B/32,clip_vit_b32,native_cure_or,native_challenge_type_13,level_4,500,0.078,0.31584650960564614,0.27199999999999996
CLIP ViT-B/32,clip_vit_b32,native_cure_or,native_challenge_type_13,level_5,500,0.068,0.33274543936550616,0.282
CLIP ViT-B/32,clip_vit_b32,native_cure_or,native_challenge_type_14,level_1,500,0.068,0.20366721053421497,0.282
CLIP ViT-B/32,clip_vit_b32,native_cure_or,native_challenge_type_14,level_2,500,0.024,0.1341897336319089,0.32599999999999996
CLIP ViT-B/32,clip_vit_b32,native_cure_or,native_challenge_type_14,level_3,500,0.012,0.20609378701448441,0.33799999999999997
CLIP ViT-B/32,clip_vit_b32,native_cure_or,native_challenge_type_14,level_4,500,0.012,0.20793365828692914,0.33799999999999997
CLIP ViT-B/32,clip_vit_b32,native_cure_or,native_challenge_type_14,level_5,500,0.01,0.19634294831752777,0.33999999999999997
CLIP ViT-B/32,clip_vit_b32,native_cure_or,native_challenge_type_15,level_1,500,0.166,0.35967071394622324,0.18399999999999997
CLIP ViT-B/32,clip_vit_b32,native_cure_or,native_challenge_type_15,level_2,500,0.162,0.3685885144621134,0.18799999999999997
CLIP ViT-B/32,clip_vit_b32,native_cure_or,native_challenge_type_15,level_3,500,0.128,0.3672373480126262,0.22199999999999998
CLIP ViT-B/32,clip_vit_b32,native_cure_or,native_challenge_type_15,level_4,500,0.128,0.3570973968729377,0.22199999999999998
CLIP ViT-B/32,clip_vit_b32,native_cure_or,native_challenge_type_15,level_5,500,0.122,0.3449710269495845,0.22799999999999998
CLIP ViT-B/32,clip_vit_b32,native_cure_or,native_challenge_type_16,level_1,500,0.146,0.35802735379338263,0.204
CLIP ViT-B/32,clip_vit_b32,native_cure_or,native_challenge_type_16,level_2,500,0.106,0.32023956145346166,0.244
CLIP ViT-B/32,clip_vit_b32,native_cure_or,native_challenge_type_16,level_3,500,0.056,0.2875926621854305,0.294
CLIP ViT-B/32,clip_vit_b32,native_cure_or,native_challenge_type_16,level_4,500,0.028,0.2541220678091049,0.32199999999999995
CLIP ViT-B/32,clip_vit_b32,native_cure_or,native_challenge_type_16,level_5,500,0.016,0.23510963858664036,0.33399999999999996
CLIP ViT-B/32,clip_vit_b32,native_cure_or,native_challenge_type_17,level_1,500,0.112,0.3344154953211546,0.238
CLIP ViT-B/32,clip_vit_b32,native_cure_or,native_challenge_type_17,level_2,500,0.096,0.2820849375873804,0.254
CLIP ViT-B/32,clip_vit_b32,native_cure_or,native_challenge_type_17,level_3,500,0.092,0.24573663567006587,0.258
CLIP ViT-B/32,clip_vit_b32,native_cure_or,native_challenge_type_17,level_4,500,0.07,0.233124402821064,0.27999999999999997
CLIP ViT-B/32,clip_vit_b32,native_cure_or,native_challenge_type_17,level_5,500,0.048,0.20328372918069362,0.302
CLIP ViT-B/32,clip_vit_b32,native_cure_or,native_challenge_type_18,level_1,500,0.112,0.3086503601819277,0.238
CLIP ViT-B/32,clip_vit_b32,native_cure_or,native_challenge_type_18,level_2,500,0.062,0.27346058551967145,0.288
CLIP ViT-B/32,clip_vit_b32,native_cure_or,native_challenge_type_18,level_3,500,0.024,0.264834694981575,0.32599999999999996
CLIP ViT-B/32,clip_vit_b32,native_cure_or,native_challenge_type_18,level_4,500,0.008,0.3187913933545351,0.34199999999999997
CLIP ViT-B/32,clip_vit_b32,native_cure_or,native_challenge_type_18,level_5,500,0.01,0.418802252009511,0.33999999999999997
HGNetV2-B0 Prototype,hgnetv2_b0_prototype,clean,clean,clean,500,0.624,0.01340457166172564,0.0
HGNetV2-B0 Prototype,hgnetv2_b0_prototype,control_cure_or,grayscale_no_challenge,control,499,0.44288577154308617,0.013009900001357337,0.18111422845691383
HGNetV2-B0 Prototype,hgnetv2_b0_prototype,native_cure_or,native_challenge_type_02,level_1,500,0.614,0.013387498496100306,0.010000000000000009
HGNetV2-B0 Prototype,hgnetv2_b0_prototype,native_cure_or,native_challenge_type_02,level_2,500,0.606,0.013387235965579749,0.018000000000000016
HGNetV2-B0 Prototype,hgnetv2_b0_prototype,native_cure_or,native_challenge_type_02,level_3,500,0.594,0.013349383860826493,0.030000000000000027
HGNetV2-B0 Prototype,hgnetv2_b0_prototype,native_cure_or,native_challenge_type_02,level_4,500,0.582,0.01327581712976098,0.04200000000000004
HGNetV2-B0 Prototype,hgnetv2_b0_prototype,native_cure_or,native_challenge_type_03,level_1,500,0.55,0.013296923669055103,0.07399999999999995
HGNetV2-B0 Prototype,hgnetv2_b0_prototype,native_cure_or,native_challenge_type_03,level_2,500,0.524,0.013249954473227262,0.09999999999999998
HGNetV2-B0 Prototype,hgnetv2_b0_prototype,native_cure_or,native_challenge_type_03,level_3,500,0.466,0.01318949158117175,0.15799999999999997
HGNetV2-B0 Prototype,hgnetv2_b0_prototype,native_cure_or,native_challenge_type_03,level_4,500,0.354,0.013121135542169213,0.27
HGNetV2-B0 Prototype,hgnetv2_b0_prototype,native_cure_or,native_challenge_type_03,level_5,500,0.186,0.013104728665202856,0.438
HGNetV2-B0 Prototype,hgnetv2_b0_prototype,native_cure_or,native_challenge_type_04,level_1,500,0.578,0.013299754390493036,0.04600000000000004
HGNetV2-B0 Prototype,hgnetv2_b0_prototype,native_cure_or,native_challenge_type_04,level_2,500,0.404,0.012820185504853726,0.21999999999999997
HGNetV2-B0 Prototype,hgnetv2_b0_prototype,native_cure_or,native_challenge_type_04,level_3,500,0.292,0.012562071522697806,0.332
HGNetV2-B0 Prototype,hgnetv2_b0_prototype,native_cure_or,native_challenge_type_04,level_4,500,0.196,0.012404788091778755,0.428
HGNetV2-B0 Prototype,hgnetv2_b0_prototype,native_cure_or,native_challenge_type_04,level_5,500,0.152,0.012360324082896114,0.472
HGNetV2-B0 Prototype,hgnetv2_b0_prototype,native_cure_or,native_challenge_type_05,level_1,500,0.128,0.012474369008094073,0.496
HGNetV2-B0 Prototype,hgnetv2_b0_prototype,native_cure_or,native_challenge_type_05,level_2,500,0.016,0.013069149952381849,0.608
HGNetV2-B0 Prototype,hgnetv2_b0_prototype,native_cure_or,native_challenge_type_05,level_3,500,0.01,0.013354839313775301,0.614
HGNetV2-B0 Prototype,hgnetv2_b0_prototype,native_cure_or,native_challenge_type_05,level_4,500,0.01,0.013434454005211592,0.614
HGNetV2-B0 Prototype,hgnetv2_b0_prototype,native_cure_or,native_challenge_type_05,level_5,500,0.01,0.013485313763841987,0.614
HGNetV2-B0 Prototype,hgnetv2_b0_prototype,native_cure_or,native_challenge_type_06,level_1,500,0.542,0.013166961140930652,0.08199999999999996
HGNetV2-B0 Prototype,hgnetv2_b0_prototype,native_cure_or,native_challenge_type_06,level_2,500,0.472,0.013023759797215461,0.15200000000000002
HGNetV2-B0 Prototype,hgnetv2_b0_prototype,native_cure_or,native_challenge_type_06,level_3,500,0.442,0.012914654290303588,0.182
HGNetV2-B0 Prototype,hgnetv2_b0_prototype,native_cure_or,native_challenge_type_06,level_4,500,0.414,0.012821553859859705,0.21000000000000002
HGNetV2-B0 Prototype,hgnetv2_b0_prototype,native_cure_or,native_challenge_type_06,level_5,500,0.394,0.012753992334008217,0.22999999999999998
HGNetV2-B0 Prototype,hgnetv2_b0_prototype,native_cure_or,native_challenge_type_07,level_1,500,0.482,0.012438648568466305,0.14200000000000002
HGNetV2-B0 Prototype,hgnetv2_b0_prototype,native_cure_or,native_challenge_type_07,level_2,500,0.39,0.012002498358488083,0.23399999999999999
HGNetV2-B0 Prototype,hgnetv2_b0_prototype,native_cure_or,native_challenge_type_07,level_3,500,0.246,0.011685363229364157,0.378
HGNetV2-B0 Prototype,hgnetv2_b0_prototype,native_cure_or,native_challenge_type_07,level_4,500,0.126,0.011537697000429035,0.498
HGNetV2-B0 Prototype,hgnetv2_b0_prototype,native_cure_or,native_challenge_type_07,level_5,500,0.054,0.011435845138505102,0.57
HGNetV2-B0 Prototype,hgnetv2_b0_prototype,native_cure_or,native_challenge_type_08,level_1,500,0.498,0.012536670926958322,0.126
HGNetV2-B0 Prototype,hgnetv2_b0_prototype,native_cure_or,native_challenge_type_08,level_2,500,0.416,0.012288518365472555,0.20800000000000002
HGNetV2-B0 Prototype,hgnetv2_b0_prototype,native_cure_or,native_challenge_type_08,level_3,500,0.374,0.01213318801485002,0.25
HGNetV2-B0 Prototype,hgnetv2_b0_prototype,native_cure_or,native_challenge_type_08,level_4,500,0.306,0.011999050190672279,0.318
HGNetV2-B0 Prototype,hgnetv2_b0_prototype,native_cure_or,native_challenge_type_08,level_5,500,0.248,0.011837964531034232,0.376
HGNetV2-B0 Prototype,hgnetv2_b0_prototype,native_cure_or,native_challenge_type_09,level_1,500,0.274,0.012558844612911343,0.35
HGNetV2-B0 Prototype,hgnetv2_b0_prototype,native_cure_or,native_challenge_type_09,level_2,500,0.156,0.012457161145284772,0.46799999999999997
HGNetV2-B0 Prototype,hgnetv2_b0_prototype,native_cure_or,native_challenge_type_09,level_3,500,0.052,0.012552250016480684,0.572
HGNetV2-B0 Prototype,hgnetv2_b0_prototype,native_cure_or,native_challenge_type_09,level_4,500,0.01,0.013154917011037468,0.614
HGNetV2-B0 Prototype,hgnetv2_b0_prototype,native_cure_or,native_challenge_type_09,level_5,500,0.01,0.013421479808166624,0.614
HGNetV2-B0 Prototype,hgnetv2_b0_prototype,native_cure_or,native_challenge_type_11,level_1,500,0.444,0.012999210216104983,0.18
HGNetV2-B0 Prototype,hgnetv2_b0_prototype,native_cure_or,native_challenge_type_11,level_2,500,0.436,0.01299446964636445,0.188
HGNetV2-B0 Prototype,hgnetv2_b0_prototype,native_cure_or,native_challenge_type_11,level_3,500,0.424,0.012978304728865624,0.2
HGNetV2-B0 Prototype,hgnetv2_b0_prototype,native_cure_or,native_challenge_type_11,level_4,500,0.406,0.012929800236597656,0.21799999999999997
HGNetV2-B0 Prototype,hgnetv2_b0_prototype,native_cure_or,native_challenge_type_12,level_1,499,0.38276553106212424,0.013005399957060336,0.24123446893787576
HGNetV2-B0 Prototype,hgnetv2_b0_prototype,native_cure_or,native_challenge_type_12,level_2,500,0.354,0.013001469142735004,0.27
HGNetV2-B0 Prototype,hgnetv2_b0_prototype,native_cure_or,native_challenge_type_12,level_3,500,0.32,0.012999932846054435,0.304
HGNetV2-B0 Prototype,hgnetv2_b0_prototype,native_cure_or,native_challenge_type_12,level_4,500,0.254,0.013013185562565923,0.37
HGNetV2-B0 Prototype,hgnetv2_b0_prototype,native_cure_or,native_challenge_type_12,level_5,500,0.144,0.013076341273263096,0.48
HGNetV2-B0 Prototype,hgnetv2_b0_prototype,native_cure_or,native_challenge_type_13,level_1,500,0.398,0.012918721018359065,0.22599999999999998
HGNetV2-B0 Prototype,hgnetv2_b0_prototype,native_cure_or,native_challenge_type_13,level_2,500,0.256,0.0126902767829597,0.368
HGNetV2-B0 Prototype,hgnetv2_b0_prototype,native_cure_or,native_challenge_type_13,level_3,500,0.184,0.012557013085111975,0.44
HGNetV2-B0 Prototype,hgnetv2_b0_prototype,native_cure_or,native_challenge_type_13,level_4,500,0.136,0.012535884857177734,0.488
HGNetV2-B0 Prototype,hgnetv2_b0_prototype,native_cure_or,native_challenge_type_13,level_5,500,0.092,0.012492598541080951,0.532
HGNetV2-B0 Prototype,hgnetv2_b0_prototype,native_cure_or,native_challenge_type_14,level_1,500,0.06,0.012560457060113548,0.5640000000000001
HGNetV2-B0 Prototype,hgnetv2_b0_prototype,native_cure_or,native_challenge_type_14,level_2,500,0.01,0.013361818592995406,0.614
HGNetV2-B0 Prototype,hgnetv2_b0_prototype,native_cure_or,native_challenge_type_14,level_3,500,0.01,0.013483474740758538,0.614
HGNetV2-B0 Prototype,hgnetv2_b0_prototype,native_cure_or,native_challenge_type_14,level_4,500,0.01,0.013517483768984675,0.614
HGNetV2-B0 Prototype,hgnetv2_b0_prototype,native_cure_or,native_challenge_type_14,level_5,500,0.01,0.013543634157627821,0.614
HGNetV2-B0 Prototype,hgnetv2_b0_prototype,native_cure_or,native_challenge_type_15,level_1,500,0.386,0.012764205187559129,0.238
HGNetV2-B0 Prototype,hgnetv2_b0_prototype,native_cure_or,native_challenge_type_15,level_2,500,0.328,0.012689354721456766,0.296
HGNetV2-B0 Prototype,hgnetv2_b0_prototype,native_cure_or,native_challenge_type_15,level_3,500,0.31,0.01260838702134788,0.314
HGNetV2-B0 Prototype,hgnetv2_b0_prototype,native_cure_or,native_challenge_type_15,level_4,500,0.286,0.012546757977455854,0.338
HGNetV2-B0 Prototype,hgnetv2_b0_prototype,native_cure_or,native_challenge_type_15,level_5,500,0.264,0.012480624930933118,0.36
HGNetV2-B0 Prototype,hgnetv2_b0_prototype,native_cure_or,native_challenge_type_16,level_1,500,0.308,0.01223621348105371,0.316
HGNetV2-B0 Prototype,hgnetv2_b0_prototype,native_cure_or,native_challenge_type_16,level_2,500,0.184,0.011926600769162177,0.44
HGNetV2-B0 Prototype,hgnetv2_b0_prototype,native_cure_or,native_challenge_type_16,level_3,500,0.082,0.01177450016885996,0.542
HGNetV2-B0 Prototype,hgnetv2_b0_prototype,native_cure_or,native_challenge_type_16,level_4,500,0.03,0.01168014749698341,0.594
HGNetV2-B0 Prototype,hgnetv2_b0_prototype,native_cure_or,native_challenge_type_16,level_5,500,0.012,0.011770219197496773,0.612
HGNetV2-B0 Prototype,hgnetv2_b0_prototype,native_cure_or,native_challenge_type_17,level_1,500,0.288,0.012265070671215654,0.336
HGNetV2-B0 Prototype,hgnetv2_b0_prototype,native_cure_or,native_challenge_type_17,level_2,500,0.21,0.012087412444874645,0.41400000000000003
HGNetV2-B0 Prototype,hgnetv2_b0_prototype,native_cure_or,native_challenge_type_17,level_3,500,0.19,0.012045401291921734,0.434
HGNetV2-B0 Prototype,hgnetv2_b0_prototype,native_cure_or,native_challenge_type_17,level_4,500,0.142,0.0120051393173635,0.482
HGNetV2-B0 Prototype,hgnetv2_b0_prototype,native_cure_or,native_challenge_type_17,level_5,500,0.12,0.011890240643173457,0.504
HGNetV2-B0 Prototype,hgnetv2_b0_prototype,native_cure_or,native_challenge_type_18,level_1,500,0.136,0.012164354111999273,0.488
HGNetV2-B0 Prototype,hgnetv2_b0_prototype,native_cure_or,native_challenge_type_18,level_2,500,0.048,0.012160237906500697,0.576
HGNetV2-B0 Prototype,hgnetv2_b0_prototype,native_cure_or,native_challenge_type_18,level_3,500,0.012,0.012464411107823252,0.612
HGNetV2-B0 Prototype,hgnetv2_b0_prototype,native_cure_or,native_challenge_type_18,level_4,500,0.01,0.013013590754941106,0.614
HGNetV2-B0 Prototype,hgnetv2_b0_prototype,native_cure_or,native_challenge_type_18,level_5,500,0.01,0.013042702246457339,0.614
MobileNetV3-Small Prototype,mobilenet_v3_small_prototype,clean,clean,clean,500,0.556,0.011936820603907109,0.0
MobileNetV3-Small Prototype,mobilenet_v3_small_prototype,control_cure_or,grayscale_no_challenge,control,499,0.2845691382765531,0.011772014017782374,0.27143086172344694
MobileNetV3-Small Prototype,mobilenet_v3_small_prototype,native_cure_or,native_challenge_type_02,level_1,500,0.552,0.011932515062391758,0.0040000000000000036
MobileNetV3-Small Prototype,mobilenet_v3_small_prototype,native_cure_or,native_challenge_type_02,level_2,500,0.548,0.011931301275268197,0.008000000000000007
MobileNetV3-Small Prototype,mobilenet_v3_small_prototype,native_cure_or,native_challenge_type_02,level_3,500,0.546,0.011931751359254122,0.010000000000000009
MobileNetV3-Small Prototype,mobilenet_v3_small_prototype,native_cure_or,native_challenge_type_02,level_4,500,0.542,0.011929981591179967,0.014000000000000012
MobileNetV3-Small Prototype,mobilenet_v3_small_prototype,native_cure_or,native_challenge_type_03,level_1,500,0.502,0.011980162303894757,0.05400000000000005
MobileNetV3-Small Prototype,mobilenet_v3_small_prototype,native_cure_or,native_challenge_type_03,level_2,500,0.474,0.011995658768340946,0.08200000000000007
MobileNetV3-Small Prototype,mobilenet_v3_small_prototype,native_cure_or,native_challenge_type_03,level_3,500,0.428,0.012020373741164804,0.12800000000000006
MobileNetV3-Small Prototype,mobilenet_v3_small_prototype,native_cure_or,native_challenge_type_03,level_4,500,0.352,0.012084459831938147,0.20400000000000007
MobileNetV3-Small Prototype,mobilenet_v3_small_prototype,native_cure_or,native_challenge_type_03,level_5,500,0.166,0.012225281186401845,0.39
MobileNetV3-Small Prototype,mobilenet_v3_small_prototype,native_cure_or,native_challenge_type_04,level_1,500,0.488,0.011887140421196818,0.06800000000000006
MobileNetV3-Small Prototype,mobilenet_v3_small_prototype,native_cure_or,native_challenge_type_04,level_2,500,0.312,0.011734386561438442,0.24400000000000005
MobileNetV3-Small Prototype,mobilenet_v3_small_prototype,native_cure_or,native_challenge_type_04,level_3,500,0.224,0.011681185211986304,0.3320000000000001
MobileNetV3-Small Prototype,mobilenet_v3_small_prototype,native_cure_or,native_challenge_type_04,level_4,500,0.158,0.011645210461691022,0.398
MobileNetV3-Small Prototype,mobilenet_v3_small_prototype,native_cure_or,native_challenge_type_04,level_5,500,0.132,0.011664067735895515,0.42400000000000004
MobileNetV3-Small Prototype,mobilenet_v3_small_prototype,native_cure_or,native_challenge_type_05,level_1,500,0.104,0.011810354413464666,0.45200000000000007
MobileNetV3-Small Prototype,mobilenet_v3_small_prototype,native_cure_or,native_challenge_type_05,level_2,500,0.028,0.012383855493739247,0.528
MobileNetV3-Small Prototype,mobilenet_v3_small_prototype,native_cure_or,native_challenge_type_05,level_3,500,0.01,0.012864085340872407,0.546
MobileNetV3-Small Prototype,mobilenet_v3_small_prototype,native_cure_or,native_challenge_type_05,level_4,500,0.01,0.013175141111016274,0.546
MobileNetV3-Small Prototype,mobilenet_v3_small_prototype,native_cure_or,native_challenge_type_05,level_5,500,0.01,0.013240355281159282,0.546
MobileNetV3-Small Prototype,mobilenet_v3_small_prototype,native_cure_or,native_challenge_type_06,level_1,500,0.464,0.011911985460668802,0.09200000000000003
MobileNetV3-Small Prototype,mobilenet_v3_small_prototype,native_cure_or,native_challenge_type_06,level_2,500,0.368,0.011937426526099443,0.18800000000000006
MobileNetV3-Small Prototype,mobilenet_v3_small_prototype,native_cure_or,native_challenge_type_06,level_3,500,0.332,0.011935374226421118,0.22400000000000003
MobileNetV3-Small Prototype,mobilenet_v3_small_prototype,native_cure_or,native_challenge_type_06,level_4,500,0.31,0.011907011697068811,0.24600000000000005
MobileNetV3-Small Prototype,mobilenet_v3_small_prototype,native_cure_or,native_challenge_type_06,level_5,500,0.294,0.011889520762488247,0.26200000000000007
MobileNetV3-Small Prototype,mobilenet_v3_small_prototype,native_cure_or,native_challenge_type_07,level_1,500,0.372,0.011601200656965375,0.18400000000000005
MobileNetV3-Small Prototype,mobilenet_v3_small_prototype,native_cure_or,native_challenge_type_07,level_2,500,0.264,0.011473738668486475,0.29200000000000004
MobileNetV3-Small Prototype,mobilenet_v3_small_prototype,native_cure_or,native_challenge_type_07,level_3,500,0.182,0.011392343120649457,0.37400000000000005
MobileNetV3-Small Prototype,mobilenet_v3_small_prototype,native_cure_or,native_challenge_type_07,level_4,500,0.134,0.011273885779082775,0.42200000000000004
MobileNetV3-Small Prototype,mobilenet_v3_small_prototype,native_cure_or,native_challenge_type_07,level_5,500,0.09,0.011125154325738549,0.4660000000000001
MobileNetV3-Small Prototype,mobilenet_v3_small_prototype,native_cure_or,native_challenge_type_08,level_1,500,0.408,0.01165373569354415,0.14800000000000008
MobileNetV3-Small Prototype,mobilenet_v3_small_prototype,native_cure_or,native_challenge_type_08,level_2,500,0.338,0.011570208096876741,0.21800000000000003
MobileNetV3-Small Prototype,mobilenet_v3_small_prototype,native_cure_or,native_challenge_type_08,level_3,500,0.302,0.0115530662573874,0.25400000000000006
MobileNetV3-Small Prototype,mobilenet_v3_small_prototype,native_cure_or,native_challenge_type_08,level_4,500,0.258,0.011521830847486854,0.29800000000000004
MobileNetV3-Small Prototype,mobilenet_v3_small_prototype,native_cure_or,native_challenge_type_08,level_5,500,0.19,0.011432689167559146,0.36600000000000005
MobileNetV3-Small Prototype,mobilenet_v3_small_prototype,native_cure_or,native_challenge_type_09,level_1,500,0.192,0.011814772019162773,0.36400000000000005
MobileNetV3-Small Prototype,mobilenet_v3_small_prototype,native_cure_or,native_challenge_type_09,level_2,500,0.106,0.011811250541359185,0.45000000000000007
MobileNetV3-Small Prototype,mobilenet_v3_small_prototype,native_cure_or,native_challenge_type_09,level_3,500,0.028,0.011998502846807242,0.528
MobileNetV3-Small Prototype,mobilenet_v3_small_prototype,native_cure_or,native_challenge_type_09,level_4,500,0.012,0.012576256493106484,0.544
MobileNetV3-Small Prototype,mobilenet_v3_small_prototype,native_cure_or,native_challenge_type_09,level_5,500,0.01,0.01269876492023468,0.546
MobileNetV3-Small Prototype,mobilenet_v3_small_prototype,native_cure_or,native_challenge_type_11,level_1,500,0.278,0.01176732698455453,0.278
MobileNetV3-Small Prototype,mobilenet_v3_small_prototype,native_cure_or,native_challenge_type_11,level_2,500,0.274,0.011770726339891553,0.28200000000000003
MobileNetV3-Small Prototype,mobilenet_v3_small_prototype,native_cure_or,native_challenge_type_11,level_3,500,0.268,0.011773799074813724,0.28800000000000003
MobileNetV3-Small Prototype,mobilenet_v3_small_prototype,native_cure_or,native_challenge_type_11,level_4,500,0.25,0.011784581936895848,0.30600000000000005
MobileNetV3-Small Prototype,mobilenet_v3_small_prototype,native_cure_or,native_challenge_type_12,level_1,499,0.2545090180360721,0.011835102348370041,0.30149098196392793
MobileNetV3-Small Prototype,mobilenet_v3_small_prototype,native_cure_or,native_challenge_type_12,level_2,500,0.244,0.011864159660413862,0.31200000000000006
MobileNetV3-Small Prototype,mobilenet_v3_small_prototype,native_cure_or,native_challenge_type_12,level_3,500,0.232,0.01191120126284659,0.32400000000000007
MobileNetV3-Small Prototype,mobilenet_v3_small_prototype,native_cure_or,native_challenge_type_12,level_4,500,0.202,0.01201964775286615,0.35400000000000004
MobileNetV3-Small Prototype,mobilenet_v3_small_prototype,native_cure_or,native_challenge_type_12,level_5,500,0.126,0.012149545913562178,0.43000000000000005
MobileNetV3-Small Prototype,mobilenet_v3_small_prototype,native_cure_or,native_challenge_type_13,level_1,500,0.238,0.011758852645754814,0.31800000000000006
MobileNetV3-Small Prototype,mobilenet_v3_small_prototype,native_cure_or,native_challenge_type_13,level_2,500,0.132,0.0117636317294091,0.42400000000000004
MobileNetV3-Small Prototype,mobilenet_v3_small_prototype,native_cure_or,native_challenge_type_13,level_3,500,0.09,0.011846656739711761,0.4660000000000001
MobileNetV3-Small Prototype,mobilenet_v3_small_prototype,native_cure_or,native_challenge_type_13,level_4,500,0.076,0.011927608471363782,0.48000000000000004
MobileNetV3-Small Prototype,mobilenet_v3_small_prototype,native_cure_or,native_challenge_type_13,level_5,500,0.068,0.01191053607314825,0.48800000000000004
MobileNetV3-Small Prototype,mobilenet_v3_small_prototype,native_cure_or,native_challenge_type_14,level_1,500,0.074,0.011805325554683804,0.48200000000000004
MobileNetV3-Small Prototype,mobilenet_v3_small_prototype,native_cure_or,native_challenge_type_14,level_2,500,0.016,0.012398230334743857,0.54
MobileNetV3-Small Prototype,mobilenet_v3_small_prototype,native_cure_or,native_challenge_type_14,level_3,500,0.01,0.012962018532678485,0.546
MobileNetV3-Small Prototype,mobilenet_v3_small_prototype,native_cure_or,native_challenge_type_14,level_4,500,0.01,0.013129675228148698,0.546
MobileNetV3-Small Prototype,mobilenet_v3_small_prototype,native_cure_or,native_challenge_type_14,level_5,500,0.01,0.013103917505592108,0.546
MobileNetV3-Small Prototype,mobilenet_v3_small_prototype,native_cure_or,native_challenge_type_15,level_1,500,0.218,0.01178228909149766,0.3380000000000001
MobileNetV3-Small Prototype,mobilenet_v3_small_prototype,native_cure_or,native_challenge_type_15,level_2,500,0.184,0.011892835868522526,0.37200000000000005
MobileNetV3-Small Prototype,mobilenet_v3_small_prototype,native_cure_or,native_challenge_type_15,level_3,500,0.168,0.011905572244897484,0.388
MobileNetV3-Small Prototype,mobilenet_v3_small_prototype,native_cure_or,native_challenge_type_15,level_4,500,0.174,0.01190532529167831,0.38200000000000006
MobileNetV3-Small Prototype,mobilenet_v3_small_prototype,native_cure_or,native_challenge_type_15,level_5,500,0.158,0.011904936000704766,0.398
MobileNetV3-Small Prototype,mobilenet_v3_small_prototype,native_cure_or,native_challenge_type_16,level_1,500,0.156,0.011560759602114558,0.4
MobileNetV3-Small Prototype,mobilenet_v3_small_prototype,native_cure_or,native_challenge_type_16,level_2,500,0.106,0.011482747670263051,0.45000000000000007
MobileNetV3-Small Prototype,mobilenet_v3_small_prototype,native_cure_or,native_challenge_type_16,level_3,500,0.05,0.011387074621394277,0.506
MobileNetV3-Small Prototype,mobilenet_v3_small_prototype,native_cure_or,native_challenge_type_16,level_4,500,0.026,0.011340577952563763,0.53
MobileNetV3-Small Prototype,mobilenet_v3_small_prototype,native_cure_or,native_challenge_type_16,level_5,500,0.014,0.011498700883239508,0.542
MobileNetV3-Small Prototype,mobilenet_v3_small_prototype,native_cure_or,native_challenge_type_17,level_1,500,0.18,0.011530890071764588,0.37600000000000006
MobileNetV3-Small Prototype,mobilenet_v3_small_prototype,native_cure_or,native_challenge_type_17,level_2,500,0.144,0.01149838425964117,0.41200000000000003
MobileNetV3-Small Prototype,mobilenet_v3_small_prototype,native_cure_or,native_challenge_type_17,level_3,500,0.104,0.01150098050944507,0.45200000000000007
MobileNetV3-Small Prototype,mobilenet_v3_small_prototype,native_cure_or,native_challenge_type_17,level_4,500,0.086,0.011512962900102139,0.4700000000000001
MobileNetV3-Small Prototype,mobilenet_v3_small_prototype,native_cure_or,native_challenge_type_17,level_5,500,0.066,0.011474596982821822,0.49000000000000005
MobileNetV3-Small Prototype,mobilenet_v3_small_prototype,native_cure_or,native_challenge_type_18,level_1,500,0.088,0.011344115266576409,0.4680000000000001
MobileNetV3-Small Prototype,mobilenet_v3_small_prototype,native_cure_or,native_challenge_type_18,level_2,500,0.044,0.01124012546427548,0.512
MobileNetV3-Small Prototype,mobilenet_v3_small_prototype,native_cure_or,native_challenge_type_18,level_3,500,0.022,0.011346690092235804,0.534
MobileNetV3-Small Prototype,mobilenet_v3_small_prototype,native_cure_or,native_challenge_type_18,level_4,500,0.01,0.011912806071341037,0.546
MobileNetV3-Small Prototype,mobilenet_v3_small_prototype,native_cure_or,native_challenge_type_18,level_5,500,0.01,0.012127131516113877,0.546
ConvNeXt-Tiny Prototype,convnext_tiny_fb_in1k_prototype,clean,clean,clean,500,0.616,0.013960918275639415,0.0
ConvNeXt-Tiny Prototype,convnext_tiny_fb_in1k_prototype,control_cure_or,grayscale_no_challenge,control,499,0.4909819639278557,0.013517278207387618,0.1250180360721443
ConvNeXt-Tiny Prototype,convnext_tiny_fb_in1k_prototype,native_cure_or,native_challenge_type_02,level_1,500,0.604,0.013913114029914141,0.01200000000000001
ConvNeXt-Tiny Prototype,convnext_tiny_fb_in1k_prototype,native_cure_or,native_challenge_type_02,level_2,500,0.598,0.01389891974441707,0.018000000000000016
ConvNeXt-Tiny Prototype,convnext_tiny_fb_in1k_prototype,native_cure_or,native_challenge_type_02,level_3,500,0.582,0.013789861449971795,0.03400000000000003
ConvNeXt-Tiny Prototype,convnext_tiny_fb_in1k_prototype,native_cure_or,native_challenge_type_02,level_4,500,0.56,0.013577267067506909,0.05599999999999994
ConvNeXt-Tiny Prototype,convnext_tiny_fb_in1k_prototype,native_cure_or,native_challenge_type_03,level_1,500,0.58,0.01375908706523478,0.03600000000000003
ConvNeXt-Tiny Prototype,convnext_tiny_fb_in1k_prototype,native_cure_or,native_challenge_type_03,level_2,500,0.574,0.013831276282668113,0.04200000000000004
ConvNeXt-Tiny Prototype,convnext_tiny_fb_in1k_prototype,native_cure_or,native_challenge_type_03,level_3,500,0.578,0.013839649317786097,0.038000000000000034
ConvNeXt-Tiny Prototype,convnext_tiny_fb_in1k_prototype,native_cure_or,native_challenge_type_03,level_4,500,0.57,0.013711225802078843,0.04600000000000004
ConvNeXt-Tiny Prototype,convnext_tiny_fb_in1k_prototype,native_cure_or,native_challenge_type_03,level_5,500,0.522,0.013249391812831163,0.09399999999999997
ConvNeXt-Tiny Prototype,convnext_tiny_fb_in1k_prototype,native_cure_or,native_challenge_type_04,level_1,500,0.606,0.013834083637222648,0.010000000000000009
ConvNeXt-Tiny Prototype,convnext_tiny_fb_in1k_prototype,native_cure_or,native_challenge_type_04,level_2,500,0.524,0.013325595958158375,0.09199999999999997
ConvNeXt-Tiny Prototype,convnext_tiny_fb_in1k_prototype,native_cure_or,native_challenge_type_04,level_3,500,0.458,0.012872363878414035,0.15799999999999997
ConvNeXt-Tiny Prototype,convnext_tiny_fb_in1k_prototype,native_cure_or,native_challenge_type_04,level_4,500,0.372,0.012631240874528885,0.244
ConvNeXt-Tiny Prototype,convnext_tiny_fb_in1k_prototype,native_cure_or,native_challenge_type_04,level_5,500,0.316,0.012447811575606465,0.3
ConvNeXt-Tiny Prototype,convnext_tiny_fb_in1k_prototype,native_cure_or,native_challenge_type_05,level_1,500,0.206,0.011840146115049719,0.41000000000000003
ConvNeXt-Tiny Prototype,convnext_tiny_fb_in1k_prototype,native_cure_or,native_challenge_type_05,level_2,500,0.066,0.0113285205475986,0.55
ConvNeXt-Tiny Prototype,convnext_tiny_fb_in1k_prototype,native_cure_or,native_challenge_type_05,level_3,500,0.03,0.011313025534152985,0.586
ConvNeXt-Tiny Prototype,convnext_tiny_fb_in1k_prototype,native_cure_or,native_challenge_type_05,level_4,500,0.016,0.011312786407768727,0.6
ConvNeXt-Tiny Prototype,convnext_tiny_fb_in1k_prototype,native_cure_or,native_challenge_type_05,level_5,500,0.014,0.011401761412620545,0.602
ConvNeXt-Tiny Prototype,convnext_tiny_fb_in1k_prototype,native_cure_or,native_challenge_type_06,level_1,500,0.572,0.013584183095023036,0.04400000000000004
ConvNeXt-Tiny Prototype,convnext_tiny_fb_in1k_prototype,native_cure_or,native_challenge_type_06,level_2,500,0.528,0.013367568181827664,0.08799999999999997
ConvNeXt-Tiny Prototype,convnext_tiny_fb_in1k_prototype,native_cure_or,native_challenge_type_06,level_3,500,0.488,0.013231671480461955,0.128
ConvNeXt-Tiny Prototype,convnext_tiny_fb_in1k_prototype,native_cure_or,native_challenge_type_06,level_4,500,0.466,0.013139451270923018,0.14999999999999997
ConvNeXt-Tiny Prototype,convnext_tiny_fb_in1k_prototype,native_cure_or,native_challenge_type_06,level_5,500,0.462,0.013050151428207755,0.15399999999999997
ConvNeXt-Tiny Prototype,convnext_tiny_fb_in1k_prototype,native_cure_or,native_challenge_type_07,level_1,500,0.562,0.013052291754633188,0.05399999999999994
ConvNeXt-Tiny Prototype,convnext_tiny_fb_in1k_prototype,native_cure_or,native_challenge_type_07,level_2,500,0.532,0.012622900685295462,0.08399999999999996
ConvNeXt-Tiny Prototype,convnext_tiny_fb_in1k_prototype,native_cure_or,native_challenge_type_07,level_3,500,0.458,0.012165486313402652,0.15799999999999997
ConvNeXt-Tiny Prototype,convnext_tiny_fb_in1k_prototype,native_cure_or,native_challenge_type_07,level_4,500,0.342,0.011705054581165313,0.27399999999999997
ConvNeXt-Tiny Prototype,convnext_tiny_fb_in1k_prototype,native_cure_or,native_challenge_type_07,level_5,500,0.192,0.01132381790690124,0.424
ConvNeXt-Tiny Prototype,convnext_tiny_fb_in1k_prototype,native_cure_or,native_challenge_type_08,level_1,500,0.552,0.012908288300037384,0.06399999999999995
ConvNeXt-Tiny Prototype,convnext_tiny_fb_in1k_prototype,native_cure_or,native_challenge_type_08,level_2,500,0.518,0.012749124417081476,0.09799999999999998
ConvNeXt-Tiny Prototype,convnext_tiny_fb_in1k_prototype,native_cure_or,native_challenge_type_08,level_3,500,0.486,0.01256526118516922,0.13
ConvNeXt-Tiny Prototype,convnext_tiny_fb_in1k_prototype,native_cure_or,native_challenge_type_08,level_4,500,0.442,0.012233263839036227,0.174
ConvNeXt-Tiny Prototype,convnext_tiny_fb_in1k_prototype,native_cure_or,native_challenge_type_08,level_5,500,0.4,0.011900360561907292,0.21599999999999997
ConvNeXt-Tiny Prototype,convnext_tiny_fb_in1k_prototype,native_cure_or,native_challenge_type_09,level_1,500,0.476,0.012849337795749307,0.14
ConvNeXt-Tiny Prototype,convnext_tiny_fb_in1k_prototype,native_cure_or,native_challenge_type_09,level_2,500,0.38,0.012165478290989995,0.236
ConvNeXt-Tiny Prototype,convnext_tiny_fb_in1k_prototype,native_cure_or,native_challenge_type_09,level_3,500,0.226,0.011626624638214707,0.39
ConvNeXt-Tiny Prototype,convnext_tiny_fb_in1k_prototype,native_cure_or,native_challenge_type_09,level_4,500,0.088,0.011243987387046218,0.528
ConvNeXt-Tiny Prototype,convnext_tiny_fb_in1k_prototype,native_cure_or,native_challenge_type_09,level_5,500,0.014,0.01099099644459784,0.602
ConvNeXt-Tiny Prototype,convnext_tiny_fb_in1k_prototype,native_cure_or,native_challenge_type_11,level_1,500,0.49,0.013472997359931469,0.126
ConvNeXt-Tiny Prototype,convnext_tiny_fb_in1k_prototype,native_cure_or,native_challenge_type_11,level_2,500,0.472,0.013442694135010242,0.14400000000000002
ConvNeXt-Tiny Prototype,convnext_tiny_fb_in1k_prototype,native_cure_or,native_challenge_type_11,level_3,500,0.466,0.013329273033887147,0.14999999999999997
ConvNeXt-Tiny Prototype,convnext_tiny_fb_in1k_prototype,native_cure_or,native_challenge_type_11,level_4,500,0.424,0.01312038204073906,0.192
ConvNeXt-Tiny Prototype,convnext_tiny_fb_in1k_prototype,native_cure_or,native_challenge_type_12,level_1,499,0.45490981963927857,0.013303187246507179,0.16109018036072142
ConvNeXt-Tiny Prototype,convnext_tiny_fb_in1k_prototype,native_cure_or,native_challenge_type_12,level_2,500,0.456,0.01327911247499287,0.15999999999999998
ConvNeXt-Tiny Prototype,convnext_tiny_fb_in1k_prototype,native_cure_or,native_challenge_type_12,level_3,500,0.46,0.013235296070575714,0.15599999999999997
ConvNeXt-Tiny Prototype,convnext_tiny_fb_in1k_prototype,native_cure_or,native_challenge_type_12,level_4,500,0.462,0.01313837737031281,0.15399999999999997
ConvNeXt-Tiny Prototype,convnext_tiny_fb_in1k_prototype,native_cure_or,native_challenge_type_12,level_5,500,0.418,0.012848767083138228,0.198
ConvNeXt-Tiny Prototype,convnext_tiny_fb_in1k_prototype,native_cure_or,native_challenge_type_13,level_1,500,0.472,0.013351020887494087,0.14400000000000002
ConvNeXt-Tiny Prototype,convnext_tiny_fb_in1k_prototype,native_cure_or,native_challenge_type_13,level_2,500,0.364,0.012710629908367991,0.252
ConvNeXt-Tiny Prototype,convnext_tiny_fb_in1k_prototype,native_cure_or,native_challenge_type_13,level_3,500,0.284,0.012419871475547552,0.332
ConvNeXt-Tiny Prototype,convnext_tiny_fb_in1k_prototype,native_cure_or,native_challenge_type_13,level_4,500,0.22,0.01215281748212874,0.396
ConvNeXt-Tiny Prototype,convnext_tiny_fb_in1k_prototype,native_cure_or,native_challenge_type_13,level_5,500,0.182,0.012027276538312434,0.434
ConvNeXt-Tiny Prototype,convnext_tiny_fb_in1k_prototype,native_cure_or,native_challenge_type_14,level_1,500,0.102,0.011612333741039038,0.514
ConvNeXt-Tiny Prototype,convnext_tiny_fb_in1k_prototype,native_cure_or,native_challenge_type_14,level_2,500,0.032,0.010921949142590166,0.584
ConvNeXt-Tiny Prototype,convnext_tiny_fb_in1k_prototype,native_cure_or,native_challenge_type_14,level_3,500,0.016,0.011005112271755933,0.6
ConvNeXt-Tiny Prototype,convnext_tiny_fb_in1k_prototype,native_cure_or,native_challenge_type_14,level_4,500,0.014,0.011127449940890074,0.602
ConvNeXt-Tiny Prototype,convnext_tiny_fb_in1k_prototype,native_cure_or,native_challenge_type_14,level_5,500,0.012,0.011246481383219362,0.604
ConvNeXt-Tiny Prototype,convnext_tiny_fb_in1k_prototype,native_cure_or,native_challenge_type_15,level_1,500,0.426,0.013149672789499163,0.19
ConvNeXt-Tiny Prototype,convnext_tiny_fb_in1k_prototype,native_cure_or,native_challenge_type_15,level_2,500,0.378,0.012966486329212785,0.238
ConvNeXt-Tiny Prototype,convnext_tiny_fb_in1k_prototype,native_cure_or,native_challenge_type_15,level_3,500,0.36,0.01287587507069111,0.256
ConvNeXt-Tiny Prototype,convnext_tiny_fb_in1k_prototype,native_cure_or,native_challenge_type_15,level_4,500,0.35,0.01280028273165226,0.266
ConvNeXt-Tiny Prototype,convnext_tiny_fb_in1k_prototype,native_cure_or,native_challenge_type_15,level_5,500,0.344,0.012706978537142278,0.272
ConvNeXt-Tiny Prototype,convnext_tiny_fb_in1k_prototype,native_cure_or,native_challenge_type_16,level_1,500,0.432,0.012634485812857747,0.184
ConvNeXt-Tiny Prototype,convnext_tiny_fb_in1k_prototype,native_cure_or,native_challenge_type_16,level_2,500,0.36,0.012135029474273324,0.256
ConvNeXt-Tiny Prototype,convnext_tiny_fb_in1k_prototype,native_cure_or,native_challenge_type_16,level_3,500,0.234,0.0117786593940109,0.382
ConvNeXt-Tiny Prototype,convnext_tiny_fb_in1k_prototype,native_cure_or,native_challenge_type_16,level_4,500,0.138,0.011394873509183527,0.478
ConvNeXt-Tiny Prototype,convnext_tiny_fb_in1k_prototype,native_cure_or,native_challenge_type_16,level_5,500,0.056,0.011104733508080245,0.5599999999999999
ConvNeXt-Tiny Prototype,convnext_tiny_fb_in1k_prototype,native_cure_or,native_challenge_type_17,level_1,500,0.38,0.0123785860799253,0.236
ConvNeXt-Tiny Prototype,convnext_tiny_fb_in1k_prototype,native_cure_or,native_challenge_type_17,level_2,500,0.332,0.012203598605468869,0.284
ConvNeXt-Tiny Prototype,convnext_tiny_fb_in1k_prototype,native_cure_or,native_challenge_type_17,level_3,500,0.292,0.012005113521590829,0.324
ConvNeXt-Tiny Prototype,convnext_tiny_fb_in1k_prototype,native_cure_or,native_challenge_type_17,level_4,500,0.252,0.01176899811811745,0.364
ConvNeXt-Tiny Prototype,convnext_tiny_fb_in1k_prototype,native_cure_or,native_challenge_type_17,level_5,500,0.194,0.011485210763290524,0.422
ConvNeXt-Tiny Prototype,convnext_tiny_fb_in1k_prototype,native_cure_or,native_challenge_type_18,level_1,500,0.254,0.012051481042057275,0.362
ConvNeXt-Tiny Prototype,convnext_tiny_fb_in1k_prototype,native_cure_or,native_challenge_type_18,level_2,500,0.148,0.011552728664129973,0.46799999999999997
ConvNeXt-Tiny Prototype,convnext_tiny_fb_in1k_prototype,native_cure_or,native_challenge_type_18,level_3,500,0.078,0.011074049035087227,0.538
ConvNeXt-Tiny Prototype,convnext_tiny_fb_in1k_prototype,native_cure_or,native_challenge_type_18,level_4,500,0.028,0.01082956805638969,0.588
ConvNeXt-Tiny Prototype,convnext_tiny_fb_in1k_prototype,native_cure_or,native_challenge_type_18,level_5,500,0.008,0.010693569242954254,0.608
DINOv2 ViT-S/14 Prototype,dinov2_vit_small_patch14_prototype,clean,clean,clean,500,0.752,0.016017315231263637,0.0
DINOv2 ViT-S/14 Prototype,dinov2_vit_small_patch14_prototype,control_cure_or,grayscale_no_challenge,control,499,0.7414829659318637,0.01568192694306314,0.01051703406813631
DINOv2 ViT-S/14 Prototype,dinov2_vit_small_patch14_prototype,native_cure_or,native_challenge_type_02,level_1,500,0.746,0.015914695471525193,0.006000000000000005
DINOv2 ViT-S/14 Prototype,dinov2_vit_small_patch14_prototype,native_cure_or,native_challenge_type_02,level_2,500,0.74,0.015813070729374885,0.01200000000000001
DINOv2 ViT-S/14 Prototype,dinov2_vit_small_patch14_prototype,native_cure_or,native_challenge_type_02,level_3,500,0.724,0.01569602870568633,0.028000000000000025
DINOv2 ViT-S/14 Prototype,dinov2_vit_small_patch14_prototype,native_cure_or,native_challenge_type_02,level_4,500,0.714,0.015522619131952525,0.038000000000000034
DINOv2 ViT-S/14 Prototype,dinov2_vit_small_patch14_prototype,native_cure_or,native_challenge_type_03,level_1,500,0.75,0.015842118157073856,0.0020000000000000018
DINOv2 ViT-S/14 Prototype,dinov2_vit_small_patch14_prototype,native_cure_or,native_challenge_type_03,level_2,500,0.74,0.01578445646353066,0.01200000000000001
DINOv2 ViT-S/14 Prototype,dinov2_vit_small_patch14_prototype,native_cure_or,native_challenge_type_03,level_3,500,0.736,0.015619091307744384,0.016000000000000014
DINOv2 ViT-S/14 Prototype,dinov2_vit_small_patch14_prototype,native_cure_or,native_challenge_type_03,level_4,500,0.722,0.01531031634658575,0.030000000000000027
DINOv2 ViT-S/14 Prototype,dinov2_vit_small_patch14_prototype,native_cure_or,native_challenge_type_03,level_5,500,0.676,0.014496878093108534,0.07599999999999996
DINOv2 ViT-S/14 Prototype,dinov2_vit_small_patch14_prototype,native_cure_or,native_challenge_type_04,level_1,500,0.746,0.015773811608552932,0.006000000000000005
DINOv2 ViT-S/14 Prototype,dinov2_vit_small_patch14_prototype,native_cure_or,native_challenge_type_04,level_2,500,0.606,0.014309350544586777,0.14600000000000002
DINOv2 ViT-S/14 Prototype,dinov2_vit_small_patch14_prototype,native_cure_or,native_challenge_type_04,level_3,500,0.488,0.013642925761640072,0.264
DINOv2 ViT-S/14 Prototype,dinov2_vit_small_patch14_prototype,native_cure_or,native_challenge_type_04,level_4,500,0.408,0.013250180330127478,0.34400000000000003
DINOv2 ViT-S/14 Prototype,dinov2_vit_small_patch14_prototype,native_cure_or,native_challenge_type_04,level_5,500,0.354,0.012926912233233452,0.398
DINOv2 ViT-S/14 Prototype,dinov2_vit_small_patch14_prototype,native_cure_or,native_challenge_type_05,level_1,500,0.198,0.012766807714477182,0.554
DINOv2 ViT-S/14 Prototype,dinov2_vit_small_patch14_prototype,native_cure_or,native_challenge_type_05,level_2,500,0.032,0.012187401039525866,0.72
DINOv2 ViT-S/14 Prototype,dinov2_vit_small_patch14_prototype,native_cure_or,native_challenge_type_05,level_3,500,0.01,0.012299795333296061,0.742
DINOv2 ViT-S/14 Prototype,dinov2_vit_small_patch14_prototype,native_cure_or,native_challenge_type_05,level_4,500,0.01,0.012058903630822897,0.742
DINOv2 ViT-S/14 Prototype,dinov2_vit_small_patch14_prototype,native_cure_or,native_challenge_type_05,level_5,500,0.01,0.012021644692867994,0.742
DINOv2 ViT-S/14 Prototype,dinov2_vit_small_patch14_prototype,native_cure_or,native_challenge_type_06,level_1,500,0.746,0.015534576293081045,0.006000000000000005
DINOv2 ViT-S/14 Prototype,dinov2_vit_small_patch14_prototype,native_cure_or,native_challenge_type_06,level_2,500,0.714,0.015149419376626611,0.038000000000000034
DINOv2 ViT-S/14 Prototype,dinov2_vit_small_patch14_prototype,native_cure_or,native_challenge_type_06,level_3,500,0.688,0.014846050420776009,0.06400000000000006
DINOv2 ViT-S/14 Prototype,dinov2_vit_small_patch14_prototype,native_cure_or,native_challenge_type_06,level_4,500,0.65,0.014586491402238607,0.10199999999999998
DINOv2 ViT-S/14 Prototype,dinov2_vit_small_patch14_prototype,native_cure_or,native_challenge_type_06,level_5,500,0.61,0.014388866322115064,0.14200000000000002
DINOv2 ViT-S/14 Prototype,dinov2_vit_small_patch14_prototype,native_cure_or,native_challenge_type_07,level_1,500,0.718,0.01483172851242125,0.03400000000000003
DINOv2 ViT-S/14 Prototype,dinov2_vit_small_patch14_prototype,native_cure_or,native_challenge_type_07,level_2,500,0.624,0.01392535288259387,0.128
DINOv2 ViT-S/14 Prototype,dinov2_vit_small_patch14_prototype,native_cure_or,native_challenge_type_07,level_3,500,0.476,0.01306253271177411,0.276
DINOv2 ViT-S/14 Prototype,dinov2_vit_small_patch14_prototype,native_cure_or,native_challenge_type_07,level_4,500,0.304,0.01218104294128716,0.448
DINOv2 ViT-S/14 Prototype,dinov2_vit_small_patch14_prototype,native_cure_or,native_challenge_type_07,level_5,500,0.126,0.011598734389990569,0.626
DINOv2 ViT-S/14 Prototype,dinov2_vit_small_patch14_prototype,native_cure_or,native_challenge_type_08,level_1,500,0.662,0.014466333592310547,0.08999999999999997
DINOv2 ViT-S/14 Prototype,dinov2_vit_small_patch14_prototype,native_cure_or,native_challenge_type_08,level_2,500,0.6,0.014028558380901814,0.15200000000000002
DINOv2 ViT-S/14 Prototype,dinov2_vit_small_patch14_prototype,native_cure_or,native_challenge_type_08,level_3,500,0.58,0.013667390644550324,0.17200000000000004
DINOv2 ViT-S/14 Prototype,dinov2_vit_small_patch14_prototype,native_cure_or,native_challenge_type_08,level_4,500,0.502,0.013171716548502445,0.25
DINOv2 ViT-S/14 Prototype,dinov2_vit_small_patch14_prototype,native_cure_or,native_challenge_type_08,level_5,500,0.364,0.012532710418105126,0.388
DINOv2 ViT-S/14 Prototype,dinov2_vit_small_patch14_prototype,native_cure_or,native_challenge_type_09,level_1,500,0.434,0.012920671563595533,0.318
DINOv2 ViT-S/14 Prototype,dinov2_vit_small_patch14_prototype,native_cure_or,native_challenge_type_09,level_2,500,0.138,0.01201249735429883,0.614
DINOv2 ViT-S/14 Prototype,dinov2_vit_small_patch14_prototype,native_cure_or,native_challenge_type_09,level_3,500,0.048,0.011536009564995765,0.704
DINOv2 ViT-S/14 Prototype,dinov2_vit_small_patch14_prototype,native_cure_or,native_challenge_type_09,level_4,500,0.006,0.011105350062251091,0.746
DINOv2 ViT-S/14 Prototype,dinov2_vit_small_patch14_prototype,native_cure_or,native_challenge_type_09,level_5,500,0.01,0.011008213222026825,0.742
DINOv2 ViT-S/14 Prototype,dinov2_vit_small_patch14_prototype,native_cure_or,native_challenge_type_11,level_1,500,0.732,0.015579449400305747,0.020000000000000018
DINOv2 ViT-S/14 Prototype,dinov2_vit_small_patch14_prototype,native_cure_or,native_challenge_type_11,level_2,500,0.724,0.015488121056929231,0.028000000000000025
DINOv2 ViT-S/14 Prototype,dinov2_vit_small_patch14_prototype,native_cure_or,native_challenge_type_11,level_3,500,0.71,0.01537163207679987,0.04200000000000004
DINOv2 ViT-S/14 Prototype,dinov2_vit_small_patch14_prototype,native_cure_or,native_challenge_type_11,level_4,500,0.688,0.015184742765501141,0.06400000000000006
DINOv2 ViT-S/14 Prototype,dinov2_vit_small_patch14_prototype,native_cure_or,native_challenge_type_12,level_1,499,0.7334669338677354,0.015510557779299472,0.018533066132264575
DINOv2 ViT-S/14 Prototype,dinov2_vit_small_patch14_prototype,native_cure_or,native_challenge_type_12,level_2,500,0.722,0.015467301223427057,0.030000000000000027
DINOv2 ViT-S/14 Prototype,dinov2_vit_small_patch14_prototype,native_cure_or,native_challenge_type_12,level_3,500,0.72,0.015315186033025384,0.03200000000000003
DINOv2 ViT-S/14 Prototype,dinov2_vit_small_patch14_prototype,native_cure_or,native_challenge_type_12,level_4,500,0.69,0.015007444024085999,0.062000000000000055
DINOv2 ViT-S/14 Prototype,dinov2_vit_small_patch14_prototype,native_cure_or,native_challenge_type_12,level_5,500,0.636,0.014267068246379494,0.11599999999999999
DINOv2 ViT-S/14 Prototype,dinov2_vit_small_patch14_prototype,native_cure_or,native_challenge_type_13,level_1,500,0.724,0.015454233003780246,0.028000000000000025
DINOv2 ViT-S/14 Prototype,dinov2_vit_small_patch14_prototype,native_cure_or,native_challenge_type_13,level_2,500,0.516,0.013801909325644374,0.236
DINOv2 ViT-S/14 Prototype,dinov2_vit_small_patch14_prototype,native_cure_or,native_challenge_type_13,level_3,500,0.378,0.013172777142375707,0.374
DINOv2 ViT-S/14 Prototype,dinov2_vit_small_patch14_prototype,native_cure_or,native_challenge_type_13,level_4,500,0.298,0.012754973078146577,0.454
DINOv2 ViT-S/14 Prototype,dinov2_vit_small_patch14_prototype,native_cure_or,native_challenge_type_13,level_5,500,0.24,0.012437923537567258,0.512
DINOv2 ViT-S/14 Prototype,dinov2_vit_small_patch14_prototype,native_cure_or,native_challenge_type_14,level_1,500,0.13,0.012426547540351749,0.622
DINOv2 ViT-S/14 Prototype,dinov2_vit_small_patch14_prototype,native_cure_or,native_challenge_type_14,level_2,500,0.02,0.012046468337997794,0.732
DINOv2 ViT-S/14 Prototype,dinov2_vit_small_patch14_prototype,native_cure_or,native_challenge_type_14,level_3,500,0.008,0.012129916604608297,0.744
DINOv2 ViT-S/14 Prototype,dinov2_vit_small_patch14_prototype,native_cure_or,native_challenge_type_14,level_4,500,0.01,0.011872285610064865,0.742
DINOv2 ViT-S/14 Prototype,dinov2_vit_small_patch14_prototype,native_cure_or,native_challenge_type_14,level_5,500,0.01,0.01180378468707204,0.742
DINOv2 ViT-S/14 Prototype,dinov2_vit_small_patch14_prototype,native_cure_or,native_challenge_type_15,level_1,500,0.718,0.015163333529606462,0.03400000000000003
DINOv2 ViT-S/14 Prototype,dinov2_vit_small_patch14_prototype,native_cure_or,native_challenge_type_15,level_2,500,0.684,0.014663578294217586,0.06799999999999995
DINOv2 ViT-S/14 Prototype,dinov2_vit_small_patch14_prototype,native_cure_or,native_challenge_type_15,level_3,500,0.61,0.01431508550606668,0.14200000000000002
DINOv2 ViT-S/14 Prototype,dinov2_vit_small_patch14_prototype,native_cure_or,native_challenge_type_15,level_4,500,0.556,0.014039588132873178,0.19599999999999995
DINOv2 ViT-S/14 Prototype,dinov2_vit_small_patch14_prototype,native_cure_or,native_challenge_type_15,level_5,500,0.508,0.013856250520795584,0.244
DINOv2 ViT-S/14 Prototype,dinov2_vit_small_patch14_prototype,native_cure_or,native_challenge_type_16,level_1,500,0.646,0.014224980803206564,0.10599999999999998
DINOv2 ViT-S/14 Prototype,dinov2_vit_small_patch14_prototype,native_cure_or,native_challenge_type_16,level_2,500,0.488,0.013179368501529098,0.264
DINOv2 ViT-S/14 Prototype,dinov2_vit_small_patch14_prototype,native_cure_or,native_challenge_type_16,level_3,500,0.32,0.012283404313027858,0.432
DINOv2 ViT-S/14 Prototype,dinov2_vit_small_patch14_prototype,native_cure_or,native_challenge_type_16,level_4,500,0.16,0.011593535857275128,0.592
DINOv2 ViT-S/14 Prototype,dinov2_vit_small_patch14_prototype,native_cure_or,native_challenge_type_16,level_5,500,0.05,0.011294395316392184,0.702
DINOv2 ViT-S/14 Prototype,dinov2_vit_small_patch14_prototype,native_cure_or,native_challenge_type_17,level_1,500,0.586,0.013882390756160021,0.16600000000000004
DINOv2 ViT-S/14 Prototype,dinov2_vit_small_patch14_prototype,native_cure_or,native_challenge_type_17,level_2,500,0.51,0.01339989847689867,0.242
DINOv2 ViT-S/14 Prototype,dinov2_vit_small_patch14_prototype,native_cure_or,native_challenge_type_17,level_3,500,0.464,0.013037553695961834,0.288
DINOv2 ViT-S/14 Prototype,dinov2_vit_small_patch14_prototype,native_cure_or,native_challenge_type_17,level_4,500,0.382,0.012640156209468841,0.37
DINOv2 ViT-S/14 Prototype,dinov2_vit_small_patch14_prototype,native_cure_or,native_challenge_type_17,level_5,500,0.27,0.01209163522347808,0.482
DINOv2 ViT-S/14 Prototype,dinov2_vit_small_patch14_prototype,native_cure_or,native_challenge_type_18,level_1,500,0.146,0.01195487918332219,0.606
DINOv2 ViT-S/14 Prototype,dinov2_vit_small_patch14_prototype,native_cure_or,native_challenge_type_18,level_2,500,0.046,0.01130779779329896,0.706
DINOv2 ViT-S/14 Prototype,dinov2_vit_small_patch14_prototype,native_cure_or,native_challenge_type_18,level_3,500,0.006,0.011080825367942453,0.746
DINOv2 ViT-S/14 Prototype,dinov2_vit_small_patch14_prototype,native_cure_or,native_challenge_type_18,level_4,500,0.01,0.010971644204109907,0.742
DINOv2 ViT-S/14 Prototype,dinov2_vit_small_patch14_prototype,native_cure_or,native_challenge_type_18,level_5,500,0.008,0.010951613282784819,0.744
